Company Name,Email,Phone,City,Instagram Handle,Business Type,Source,Date Added,Status,S3 URL
"","","","","@archi_jobs","Architecture","Instagram OCR","2025-12-31","New","s3://structcrew-images/archi_jobs/2019-11-02_03-40-31_UTC_profile_pic.jpg"
"","","","","@archi_jobs","Architecture","Instagram OCR","2025-12-31","New","s3://structcrew-images/archi_jobs/2022-07-10_15-38-49_UTC.jpg"
"","","","","@archi_jobs","Architecture","Instagram OCR","2025-12-31","New","s3://structcrew-images/archi_jobs/2025-10-05_12-13-50_UTC.jpg"
"","","","","@archi_jobs","Architecture","Instagram OCR","2025-12-31","New","s3://structcrew-images/archi_jobs/2025-10-05_12-17-03_UTC.jpg"
"","","","","@archi_jobs","Architecture","Instagram OCR","2025-12-31","New","s3://structcrew-images/archi_jobs/2025-10-05_12-20-43_UTC.jpg"
"","","","","@archi_jobs","Architecture","Instagram OCR","2025-12-31","New","s3://structcrew-images/archi_jobs/2025-10-05_12-23-21_UTC.jpg"
"","","","","@archi_jobs","Architecture","Instagram OCR","2025-12-31","New","s3://structcrew-images/archi_jobs/2025-10-05_12-26-52_UTC.jpg"
"","","","","@archi_jobs","Architecture","Instagram OCR","2025-12-31","New","s3://structcrew-images/archi_jobs/2025-10-05_12-29-17_UTC.jpg"
"","","","","@archi_jobs","Architecture","Instagram OCR","2025-12-31","New","s3://structcrew-images/archi_jobs/2025-10-06_11-44-22_UTC.jpg"
"","","","","@archi_jobs","Architecture","Instagram OCR","2025-12-31","New","s3://structcrew-images/archi_jobs/2025-10-06_11-57-12_UTC.jpg"
"","","","","@archi_jobs","Architecture","Instagram OCR","2025-12-31","New","s3://structcrew-images/archi_jobs/2025-10-07_05-52-50_UTC.jpg"
"","","","","@archi_jobs","Architecture","Instagram OCR","2025-12-31","New","s3://structcrew-images/archi_jobs/2025-10-07_05-57-31_UTC.jpg"
"","","","","@archi_jobs","Architecture","Instagram OCR","2025-12-31","New","s3://structcrew-images/archi_jobs/2025-10-07_06-01-07_UTC.jpg"
"","","","","@archi_jobs","Architecture","Instagram OCR","2025-12-31","New","s3://structcrew-images/archi_jobs/2025-10-07_11-54-44_UTC.jpg"
"","","","","@archi_jobs","Architecture","Instagram OCR","2025-12-31","New","s3://structcrew-images/archi_jobs/2025-10-07_11-59-27_UTC.jpg"
"","","","","@archi_jobs","Architecture","Instagram OCR","2025-12-31","New","s3://structcrew-images/archi_jobs/2025-10-08_06-10-53_UTC.jpg"
"","","","","@archi_jobs","Architecture","Instagram OCR","2025-12-31","New","s3://structcrew-images/archi_jobs/2025-10-08_06-14-07_UTC.jpg"
"","","","","@archi_jobs","Architecture","Instagram OCR","2025-12-31","New","s3://structcrew-images/archi_jobs/2025-10-08_06-28-50_UTC.jpg"
"","","","","@archi_jobs","Architecture","Instagram OCR","2025-12-31","New","s3://structcrew-images/archi_jobs/2025-10-08_14-00-26_UTC.jpg"
"","","","","@archi_jobs","Architecture","Instagram OCR","2025-12-31","New","s3://structcrew-images/archi_jobs/2025-10-08_14-08-10_UTC_1.jpg"
"","","","","@archi_jobs","Architecture","Instagram OCR","2025-12-31","New","s3://structcrew-images/archi_jobs/2025-10-08_14-08-10_UTC_2.jpg"
"","","","","@archi_jobs","Architecture","Instagram OCR","2025-12-31","New","s3://structcrew-images/archi_jobs/2025-10-09_04-31-06_UTC.jpg"
"","","","","@archi_jobs","Architecture","Instagram OCR","2025-12-31","New","s3://structcrew-images/archi_jobs/2025-10-09_04-35-25_UTC.jpg"
"","","","","@archi_jobs","Architecture","Instagram OCR","2025-12-31","New","s3://structcrew-images/archi_jobs/2025-10-09_04-39-32_UTC.jpg"
"","","","","@archi_jobs","Architecture","Instagram OCR","2025-12-31","New","s3://structcrew-images/archi_jobs/2025-10-09_04-47-23_UTC.jpg"
"","","","","@archi_jobs","Architecture","Instagram OCR","2025-12-31","New","s3://structcrew-images/archi_jobs/2025-10-09_04-50-35_UTC.jpg"
"","","","","@archi_jobs","Architecture","Instagram OCR","2025-12-31","New","s3://structcrew-images/archi_jobs/2025-10-09_04-53-53_UTC.jpg"
"","","","","@archi_jobs","Architecture","Instagram OCR","2025-12-31","New","s3://structcrew-images/archi_jobs/2025-10-09_04-56-02_UTC.jpg"
"","","","","@archi_jobs","Architecture","Instagram OCR","2025-12-31","New","s3://structcrew-images/archi_jobs/2025-10-09_12-57-37_UTC.jpg"
"","","","","@archi_jobs","Architecture","Instagram OCR","2025-12-31","New","s3://structcrew-images/archi_jobs/2025-10-09_13-02-32_UTC.jpg"
"","","","","@archi_jobs","Architecture","Instagram OCR","2025-12-31","New","s3://structcrew-images/archi_jobs/2025-10-09_13-07-12_UTC.jpg"
"","","","","@archi_jobs","Architecture","Instagram OCR","2025-12-31","New","s3://structcrew-images/archi_jobs/2025-10-10_05-04-28_UTC.jpg"
"","","","","@archi_jobs","Architecture","Instagram OCR","2025-12-31","New","s3://structcrew-images/archi_jobs/2025-10-10_05-07-27_UTC.jpg"
"","","","","@archi_jobs","Architecture","Instagram OCR","2025-12-31","New","s3://structcrew-images/archi_jobs/2025-10-10_05-16-50_UTC_1.jpg"
"","","","","@archi_jobs","Architecture","Instagram OCR","2025-12-31","New","s3://structcrew-images/archi_jobs/2025-10-10_05-16-50_UTC_2.jpg"
"","","","","@archi_jobs","Architecture","Instagram OCR","2025-12-31","New","s3://structcrew-images/archi_jobs/2025-10-10_05-16-50_UTC_3.jpg"
"","","","","@archi_jobs","Architecture","Instagram OCR","2025-12-31","New","s3://structcrew-images/archi_jobs/2025-10-10_05-16-50_UTC_4.jpg"
"","","","","@archi_jobs","Architecture","Instagram OCR","2025-12-31","New","s3://structcrew-images/archi_jobs/2025-10-10_05-20-42_UTC.jpg"
"","","","","@archi_jobs","Architecture","Instagram OCR","2025-12-31","New","s3://structcrew-images/archi_jobs/2025-10-10_05-25-37_UTC.jpg"
"","","","","@archi_jobs","Architecture","Instagram OCR","2025-12-31","New","s3://structcrew-images/archi_jobs/2025-10-10_11-13-39_UTC.jpg"
"","","","","@archi_jobs","Architecture","Instagram OCR","2025-12-31","New","s3://structcrew-images/archi_jobs/2025-10-11_05-27-20_UTC.jpg"
"","","","","@archi_jobs","Architecture","Instagram OCR","2025-12-31","New","s3://structcrew-images/archi_jobs/2025-10-11_05-32-32_UTC.jpg"
"","","","","@archi_jobs","Architecture","Instagram OCR","2025-12-31","New","s3://structcrew-images/archi_jobs/2025-10-11_05-37-05_UTC.jpg"
"","","","","@archi_jobs","Architecture","Instagram OCR","2025-12-31","New","s3://structcrew-images/archi_jobs/2025-10-11_05-39-31_UTC.jpg"
"","","","","@archi_jobs","Architecture","Instagram OCR","2025-12-31","New","s3://structcrew-images/archi_jobs/2025-10-11_05-43-55_UTC.jpg"
"","","","","@archi_jobs","Architecture","Instagram OCR","2025-12-31","New","s3://structcrew-images/archi_jobs/2025-10-11_13-38-04_UTC_1.jpg"
"","","","","@archi_jobs","Architecture","Instagram OCR","2025-12-31","New","s3://structcrew-images/archi_jobs/2025-10-11_13-38-04_UTC_2.jpg"
"","","","","@archi_jobs","Architecture","Instagram OCR","2025-12-31","New","s3://structcrew-images/archi_jobs/2025-10-11_13-38-04_UTC_3.jpg"
"","","","","@archi_jobs","Architecture","Instagram OCR","2025-12-31","New","s3://structcrew-images/archi_jobs/2025-10-11_13-38-04_UTC_4.jpg"
"","","","","@archi_jobs","Architecture","Instagram OCR","2025-12-31","New","s3://structcrew-images/archi_jobs/2025-10-11_13-43-27_UTC.jpg"
"","","","","@archi_jobs","Architecture","Instagram OCR","2025-12-31","New","s3://structcrew-images/archi_jobs/2025-10-11_13-46-04_UTC.jpg"
"","","","","@archi_jobs","Architecture","Instagram OCR","2025-12-31","New","s3://structcrew-images/archi_jobs/2025-10-11_13-48-23_UTC.jpg"
"","","","","@archi_jobs","Architecture","Instagram OCR","2025-12-31","New","s3://structcrew-images/archi_jobs/2025-10-12_05-01-51_UTC.jpg"
"","","","","@archi_jobs","Architecture","Instagram OCR","2025-12-31","New","s3://structcrew-images/archi_jobs/2025-10-12_05-09-49_UTC.jpg"
"","","","","@archi_jobs","Architecture","Instagram OCR","2025-12-31","New","s3://structcrew-images/archi_jobs/2025-10-12_05-13-06_UTC.jpg"
"","","","","@archi_jobs","Architecture","Instagram OCR","2025-12-31","New","s3://structcrew-images/archi_jobs/2025-10-12_10-37-39_UTC.jpg"
"","","","","@archi_jobs","Architecture","Instagram OCR","2025-12-31","New","s3://structcrew-images/archi_jobs/2025-10-13_04-38-13_UTC.jpg"
"","","","","@archi_jobs","Architecture","Instagram OCR","2025-12-31","New","s3://structcrew-images/archi_jobs/2025-10-13_04-57-20_UTC.jpg"
"","","","","@archi_jobs","Architecture","Instagram OCR","2025-12-31","New","s3://structcrew-images/archi_jobs/2025-10-13_05-00-52_UTC.jpg"
"","","","","@archi_jobs","Architecture","Instagram OCR","2025-12-31","New","s3://structcrew-images/archi_jobs/2025-10-13_05-03-26_UTC.jpg"
"","","","","@archi_jobs","Architecture","Instagram OCR","2025-12-31","New","s3://structcrew-images/archi_jobs/2025-10-13_05-06-07_UTC.jpg"
"","","","","@archi_jobs","Architecture","Instagram OCR","2025-12-31","New","s3://structcrew-images/archi_jobs/2025-10-13_11-55-04_UTC.jpg"
"","","","","@archi_jobs","Architecture","Instagram OCR","2025-12-31","New","s3://structcrew-images/archi_jobs/2025-10-14_05-00-24_UTC.jpg"
"","","","","@archi_jobs","Architecture","Instagram OCR","2025-12-31","New","s3://structcrew-images/archi_jobs/2025-10-14_05-25-21_UTC.jpg"
"","","","","@archi_jobs","Architecture","Instagram OCR","2025-12-31","New","s3://structcrew-images/archi_jobs/2025-10-14_05-27-22_UTC.jpg"
"","","","","@archi_jobs","Architecture","Instagram OCR","2025-12-31","New","s3://structcrew-images/archi_jobs/2025-10-14_05-29-14_UTC.jpg"
"","","","","@archi_jobs","Architecture","Instagram OCR","2025-12-31","New","s3://structcrew-images/archi_jobs/2025-10-14_05-31-13_UTC.jpg"
"","","","","@archi_jobs","Architecture","Instagram OCR","2025-12-31","New","s3://structcrew-images/archi_jobs/2025-10-14_05-33-04_UTC.jpg"
"","","","","@archi_jobs","Architecture","Instagram OCR","2025-12-31","New","s3://structcrew-images/archi_jobs/2025-10-14_05-35-10_UTC.jpg"
"","","","","@archi_jobs","Architecture","Instagram OCR","2025-12-31","New","s3://structcrew-images/archi_jobs/2025-10-14_11-47-12_UTC_1.jpg"
"","","","","@archi_jobs","Architecture","Instagram OCR","2025-12-31","New","s3://structcrew-images/archi_jobs/2025-10-14_11-47-12_UTC_2.jpg"
"","","","","@archi_jobs","Architecture","Instagram OCR","2025-12-31","New","s3://structcrew-images/archi_jobs/2025-10-14_11-47-12_UTC_3.jpg"
"","","","","@archi_jobs","Architecture","Instagram OCR","2025-12-31","New","s3://structcrew-images/archi_jobs/2025-10-14_11-55-24_UTC.jpg"
"","","","","@archi_jobs","Architecture","Instagram OCR","2025-12-31","New","s3://structcrew-images/archi_jobs/2025-10-15_05-00-02_UTC.jpg"
"","","","","@archi_jobs","Architecture","Instagram OCR","2025-12-31","New","s3://structcrew-images/archi_jobs/2025-10-15_05-07-23_UTC.jpg"
"","","","","@archi_jobs","Architecture","Instagram OCR","2025-12-31","New","s3://structcrew-images/archi_jobs/2025-10-15_05-15-43_UTC.jpg"
"","","","","@archi_jobs","Architecture","Instagram OCR","2025-12-31","New","s3://structcrew-images/archi_jobs/2025-10-15_05-19-26_UTC.jpg"
"","","","","@archi_jobs","Architecture","Instagram OCR","2025-12-31","New","s3://structcrew-images/archi_jobs/2025-10-15_12-30-08_UTC.jpg"
"","","","","@archi_jobs","Architecture","Instagram OCR","2025-12-31","New","s3://structcrew-images/archi_jobs/2025-10-16_04-33-33_UTC.jpg"
"","","","","@archi_jobs","Architecture","Instagram OCR","2025-12-31","New","s3://structcrew-images/archi_jobs/2025-10-16_04-49-27_UTC.jpg"
"","","","","@archi_jobs","Architecture","Instagram OCR","2025-12-31","New","s3://structcrew-images/archi_jobs/2025-10-16_05-40-46_UTC.jpg"
"","","","","@archi_jobs","Architecture","Instagram OCR","2025-12-31","New","s3://structcrew-images/archi_jobs/2025-10-16_05-44-11_UTC.jpg"
"","","","","@archi_jobs","Architecture","Instagram OCR","2025-12-31","New","s3://structcrew-images/archi_jobs/2025-10-16_05-47-02_UTC.jpg"
"","","","","@archi_jobs","Architecture","Instagram OCR","2025-12-31","New","s3://structcrew-images/archi_jobs/2025-10-16_13-50-25_UTC.jpg"
"","","","","@archi_jobs","Architecture","Instagram OCR","2025-12-31","New","s3://structcrew-images/archi_jobs/2025-10-16_13-55-15_UTC.jpg"
"","","","","@archi_jobs","Architecture","Instagram OCR","2025-12-31","New","s3://structcrew-images/archi_jobs/2025-10-16_13-58-49_UTC_1.jpg"
"","","","","@archi_jobs","Architecture","Instagram OCR","2025-12-31","New","s3://structcrew-images/archi_jobs/2025-10-16_13-58-49_UTC_2.jpg"
"","","","","@archi_jobs","Architecture","Instagram OCR","2025-12-31","New","s3://structcrew-images/archi_jobs/2025-10-16_13-58-49_UTC_3.jpg"
"","","","","@archi_jobs","Architecture","Instagram OCR","2025-12-31","New","s3://structcrew-images/archi_jobs/2025-10-16_13-58-49_UTC_4.jpg"
"","","","","@archi_jobs","Architecture","Instagram OCR","2025-12-31","New","s3://structcrew-images/archi_jobs/2025-10-16_14-02-48_UTC.jpg"
"","","","","@archi_jobs","Architecture","Instagram OCR","2025-12-31","New","s3://structcrew-images/archi_jobs/2025-10-16_14-06-18_UTC.jpg"
"","","","","@archi_jobs","Architecture","Instagram OCR","2025-12-31","New","s3://structcrew-images/archi_jobs/2025-10-17_05-15-24_UTC.jpg"
"","","","","@archi_jobs","Architecture","Instagram OCR","2025-12-31","New","s3://structcrew-images/archi_jobs/2025-10-18_04-00-11_UTC.jpg"
"","","","","@archi_jobs","Architecture","Instagram OCR","2025-12-31","New","s3://structcrew-images/archi_jobs/2025-10-18_04-02-09_UTC.jpg"
"","","","","@archi_jobs","Architecture","Instagram OCR","2025-12-31","New","s3://structcrew-images/archi_jobs/2025-10-18_04-04-40_UTC.jpg"
"","","","","@archi_jobs","Architecture","Instagram OCR","2025-12-31","New","s3://structcrew-images/archi_jobs/2025-10-18_12-30-24_UTC.jpg"
"","","","","@archi_jobs","Architecture","Instagram OCR","2025-12-31","New","s3://structcrew-images/archi_jobs/2025-10-18_12-37-34_UTC.jpg"
"","","","","@archi_jobs","Architecture","Instagram OCR","2025-12-31","New","s3://structcrew-images/archi_jobs/2025-10-19_04-27-45_UTC.jpg"
"","","","","@archi_jobs","Architecture","Instagram OCR","2025-12-31","New","s3://structcrew-images/archi_jobs/2025-10-19_04-29-28_UTC.jpg"
"","","","","@archi_jobs","Architecture","Instagram OCR","2025-12-31","New","s3://structcrew-images/archi_jobs/2025-10-21_04-54-41_UTC.jpg"
"","","","","@archi_jobs","Architecture","Instagram OCR","2025-12-31","New","s3://structcrew-images/archi_jobs/2025-10-21_04-56-24_UTC.jpg"
"","","","","@archi_jobs","Architecture","Instagram OCR","2025-12-31","New","s3://structcrew-images/archi_jobs/2025-10-21_04-58-13_UTC.jpg"
"","","","","@archi_jobs","Architecture","Instagram OCR","2025-12-31","New","s3://structcrew-images/archi_jobs/2025-10-21_05-00-23_UTC.jpg"
"","","","","@archi_jobs","Architecture","Instagram OCR","2025-12-31","New","s3://structcrew-images/archi_jobs/2025-10-21_11-35-15_UTC.jpg"
"","","","","@archi_jobs","Architecture","Instagram OCR","2025-12-31","New","s3://structcrew-images/archi_jobs/2025-10-21_11-36-53_UTC.jpg"
"","","","","@archi_jobs","Architecture","Instagram OCR","2025-12-31","New","s3://structcrew-images/archi_jobs/2025-10-21_11-48-11_UTC.jpg"
"","","","","@archi_jobs","Architecture","Instagram OCR","2025-12-31","New","s3://structcrew-images/archi_jobs/2025-10-21_13-34-15_UTC.jpg"
"","","","","@archi_jobs","Architecture","Instagram OCR","2025-12-31","New","s3://structcrew-images/archi_jobs/2025-10-22_04-36-43_UTC.jpg"
"","","","","@archi_jobs","Architecture","Instagram OCR","2025-12-31","New","s3://structcrew-images/archi_jobs/2025-10-22_04-43-24_UTC.jpg"
"","","","","@archi_jobs","Architecture","Instagram OCR","2025-12-31","New","s3://structcrew-images/archi_jobs/2025-10-22_04-45-15_UTC.jpg"
"","","","","@archi_jobs","Architecture","Instagram OCR","2025-12-31","New","s3://structcrew-images/archi_jobs/2025-10-22_04-47-38_UTC.jpg"
"","","","","@archi_jobs","Architecture","Instagram OCR","2025-12-31","New","s3://structcrew-images/archi_jobs/2025-10-22_04-49-42_UTC.jpg"
"","","","","@archi_jobs","Architecture","Instagram OCR","2025-12-31","New","s3://structcrew-images/archi_jobs/2025-10-22_13-40-35_UTC.jpg"
"","","","","@archi_jobs","Architecture","Instagram OCR","2025-12-31","New","s3://structcrew-images/archi_jobs/2025-10-22_13-44-36_UTC.jpg"
"","","","","@archi_jobs","Architecture","Instagram OCR","2025-12-31","New","s3://structcrew-images/archi_jobs/2025-10-23_05-32-51_UTC.jpg"
"","","","","@archi_jobs","Architecture","Instagram OCR","2025-12-31","New","s3://structcrew-images/archi_jobs/2025-10-23_05-34-48_UTC.jpg"
"","","","","@archi_jobs","Architecture","Instagram OCR","2025-12-31","New","s3://structcrew-images/archi_jobs/2025-10-23_05-37-17_UTC.jpg"
"","","","","@archi_jobs","Architecture","Instagram OCR","2025-12-31","New","s3://structcrew-images/archi_jobs/2025-10-23_05-38-45_UTC.jpg"
"","","","","@archi_jobs","Architecture","Instagram OCR","2025-12-31","New","s3://structcrew-images/archi_jobs/2025-10-23_05-41-51_UTC.jpg"
"","","","","@archi_jobs","Architecture","Instagram OCR","2025-12-31","New","s3://structcrew-images/archi_jobs/2025-10-23_14-07-45_UTC.jpg"
"","","","","@archi_jobs","Architecture","Instagram OCR","2025-12-31","New","s3://structcrew-images/archi_jobs/2025-10-23_14-18-05_UTC.jpg"
"","","","","@archi_jobs","Architecture","Instagram OCR","2025-12-31","New","s3://structcrew-images/archi_jobs/2025-10-24_05-39-21_UTC.jpg"
"","","","","@archi_jobs","Architecture","Instagram OCR","2025-12-31","New","s3://structcrew-images/archi_jobs/2025-10-24_14-34-52_UTC_1.jpg"
"","","","","@archi_jobs","Architecture","Instagram OCR","2025-12-31","New","s3://structcrew-images/archi_jobs/2025-10-24_14-34-52_UTC_2.jpg"
"","","","","@archi_jobs","Architecture","Instagram OCR","2025-12-31","New","s3://structcrew-images/archi_jobs/2025-10-24_14-39-52_UTC.jpg"
"","","","","@archi_jobs","Architecture","Instagram OCR","2025-12-31","New","s3://structcrew-images/archi_jobs/2025-10-24_14-45-14_UTC.jpg"
"","","","","@archi_jobs","Architecture","Instagram OCR","2025-12-31","New","s3://structcrew-images/archi_jobs/2025-10-25_05-32-00_UTC.jpg"
"","","","","@archi_jobs","Architecture","Instagram OCR","2025-12-31","New","s3://structcrew-images/archi_jobs/2025-10-25_05-34-10_UTC.jpg"
"","","","","@archi_jobs","Architecture","Instagram OCR","2025-12-31","New","s3://structcrew-images/archi_jobs/2025-10-25_05-35-55_UTC.jpg"
"","","","","@archi_jobs","Architecture","Instagram OCR","2025-12-31","New","s3://structcrew-images/archi_jobs/2025-10-25_05-37-49_UTC.jpg"
"","","","","@archi_jobs","Architecture","Instagram OCR","2025-12-31","New","s3://structcrew-images/archi_jobs/2025-10-25_05-39-36_UTC.jpg"
"","","","","@archi_jobs","Architecture","Instagram OCR","2025-12-31","New","s3://structcrew-images/archi_jobs/2025-10-25_13-56-40_UTC.jpg"
"","","","","@archi_jobs","Architecture","Instagram OCR","2025-12-31","New","s3://structcrew-images/archi_jobs/2025-10-26_04-49-48_UTC.jpg"
"","","","","@archi_jobs","Architecture","Instagram OCR","2025-12-31","New","s3://structcrew-images/archi_jobs/2025-10-26_04-55-19_UTC.jpg"
"","","","","@archi_jobs","Architecture","Instagram OCR","2025-12-31","New","s3://structcrew-images/archi_jobs/2025-10-26_12-02-57_UTC.jpg"
"","","","","@archi_jobs","Architecture","Instagram OCR","2025-12-31","New","s3://structcrew-images/archi_jobs/2025-10-26_12-07-21_UTC.jpg"
"","","","","@archi_jobs","Architecture","Instagram OCR","2025-12-31","New","s3://structcrew-images/archi_jobs/2025-10-27_04-51-06_UTC.jpg"
"","","","","@archi_jobs","Architecture","Instagram OCR","2025-12-31","New","s3://structcrew-images/archi_jobs/2025-10-27_04-55-34_UTC.jpg"
"","","","","@archi_jobs","Architecture","Instagram OCR","2025-12-31","New","s3://structcrew-images/archi_jobs/2025-10-27_05-06-04_UTC.jpg"
"","","","","@archi_jobs","Architecture","Instagram OCR","2025-12-31","New","s3://structcrew-images/archi_jobs/2025-10-27_13-37-47_UTC.jpg"
"","","","","@archi_jobs","Architecture","Instagram OCR","2025-12-31","New","s3://structcrew-images/archi_jobs/2025-10-27_13-39-17_UTC.jpg"
"","","","","@archi_jobs","Architecture","Instagram OCR","2025-12-31","New","s3://structcrew-images/archi_jobs/2025-10-27_13-45-40_UTC.jpg"
"","","","","@archi_jobs","Architecture","Instagram OCR","2025-12-31","New","s3://structcrew-images/archi_jobs/2025-10-27_13-49-57_UTC.jpg"
"","","","","@archi_jobs","Architecture","Instagram OCR","2025-12-31","New","s3://structcrew-images/archi_jobs/2025-10-28_04-49-03_UTC.jpg"
"","","","","@archi_jobs","Architecture","Instagram OCR","2025-12-31","New","s3://structcrew-images/archi_jobs/2025-10-28_04-55-33_UTC_1.jpg"
"","","","","@archi_jobs","Architecture","Instagram OCR","2025-12-31","New","s3://structcrew-images/archi_jobs/2025-10-28_04-55-33_UTC_2.jpg"
"","","","","@archi_jobs","Architecture","Instagram OCR","2025-12-31","New","s3://structcrew-images/archi_jobs/2025-10-28_04-58-08_UTC.jpg"
"","","","","@archi_jobs","Architecture","Instagram OCR","2025-12-31","New","s3://structcrew-images/archi_jobs/2025-10-28_05-01-03_UTC.jpg"
"","","","","@archi_jobs","Architecture","Instagram OCR","2025-12-31","New","s3://structcrew-images/archi_jobs/2025-10-28_05-05-05_UTC.jpg"
"","","","","@archi_jobs","Architecture","Instagram OCR","2025-12-31","New","s3://structcrew-images/archi_jobs/2025-10-28_06-33-32_UTC.jpg"
"","","","","@archi_jobs","Architecture","Instagram OCR","2025-12-31","New","s3://structcrew-images/archi_jobs/2025-10-28_14-19-44_UTC.jpg"
"","","","","@archi_jobs","Architecture","Instagram OCR","2025-12-31","New","s3://structcrew-images/archi_jobs/2025-10-28_14-24-25_UTC.jpg"
"","","","","@archi_jobs","Architecture","Instagram OCR","2025-12-31","New","s3://structcrew-images/archi_jobs/2025-10-29_04-58-35_UTC.jpg"
"","","","","@archi_jobs","Architecture","Instagram OCR","2025-12-31","New","s3://structcrew-images/archi_jobs/2025-10-29_13-52-47_UTC.jpg"
"","","","","@archi_jobs","Architecture","Instagram OCR","2025-12-31","New","s3://structcrew-images/archi_jobs/2025-10-29_13-58-55_UTC.jpg"
"","","","","@archi_jobs","Architecture","Instagram OCR","2025-12-31","New","s3://structcrew-images/archi_jobs/2025-10-29_14-02-12_UTC.jpg"
"","","","","@archi_jobs","Architecture","Instagram OCR","2025-12-31","New","s3://structcrew-images/archi_jobs/2025-10-29_14-04-52_UTC.jpg"
"","","","","@archi_jobs","Architecture","Instagram OCR","2025-12-31","New","s3://structcrew-images/archi_jobs/2025-10-29_14-07-13_UTC_1.jpg"
"","","","","@archi_jobs","Architecture","Instagram OCR","2025-12-31","New","s3://structcrew-images/archi_jobs/2025-10-29_14-07-13_UTC_2.jpg"
"","","","","@archi_jobs","Architecture","Instagram OCR","2025-12-31","New","s3://structcrew-images/archi_jobs/2025-10-29_14-09-42_UTC.jpg"
"","","","","@archi_jobs","Architecture","Instagram OCR","2025-12-31","New","s3://structcrew-images/archi_jobs/2025-10-30_05-11-30_UTC_1.jpg"
"","","","","@archi_jobs","Architecture","Instagram OCR","2025-12-31","New","s3://structcrew-images/archi_jobs/2025-10-30_05-11-30_UTC_2.jpg"
"","","","","@archi_jobs","Architecture","Instagram OCR","2025-12-31","New","s3://structcrew-images/archi_jobs/2025-10-30_14-53-30_UTC.jpg"
"","","","","@archi_jobs","Architecture","Instagram OCR","2025-12-31","New","s3://structcrew-images/archi_jobs/2025-10-30_14-55-25_UTC.jpg"
"","","","","@archi_jobs","Architecture","Instagram OCR","2025-12-31","New","s3://structcrew-images/archi_jobs/2025-10-30_15-01-27_UTC.jpg"
"","","","","@archi_jobs","Architecture","Instagram OCR","2025-12-31","New","s3://structcrew-images/archi_jobs/2025-10-31_04-35-36_UTC.jpg"
"","","","","@archi_jobs","Architecture","Instagram OCR","2025-12-31","New","s3://structcrew-images/archi_jobs/2025-10-31_04-52-55_UTC.jpg"
"","","","","@archi_jobs","Architecture","Instagram OCR","2025-12-31","New","s3://structcrew-images/archi_jobs/2025-10-31_04-57-52_UTC.jpg"
"","","","","@archi_jobs","Architecture","Instagram OCR","2025-12-31","New","s3://structcrew-images/archi_jobs/2025-10-31_05-02-04_UTC.jpg"
"","","","","@archi_jobs","Architecture","Instagram OCR","2025-12-31","New","s3://structcrew-images/archi_jobs/2025-10-31_05-03-58_UTC.jpg"
"","","","","@archi_jobs","Architecture","Instagram OCR","2025-12-31","New","s3://structcrew-images/archi_jobs/2025-10-31_13-13-16_UTC.jpg"
"","","","","@archi_jobs","Architecture","Instagram OCR","2025-12-31","New","s3://structcrew-images/archi_jobs/2025-10-31_13-19-29_UTC.jpg"
"","","","","@archi_jobs","Architecture","Instagram OCR","2025-12-31","New","s3://structcrew-images/archi_jobs/2025-10-31_13-23-51_UTC.jpg"
"","","","","@archi_jobs","Architecture","Instagram OCR","2025-12-31","New","s3://structcrew-images/archi_jobs/2025-10-31_13-31-28_UTC.jpg"
"","","","","@archi_jobs","Architecture","Instagram OCR","2025-12-31","New","s3://structcrew-images/archi_jobs/2025-10-31_13-36-12_UTC.jpg"
"","","","","@archi_jobs","Architecture","Instagram OCR","2025-12-31","New","s3://structcrew-images/archi_jobs/2025-11-01_05-59-56_UTC_1.jpg"
"","","","","@archi_jobs","Architecture","Instagram OCR","2025-12-31","New","s3://structcrew-images/archi_jobs/2025-11-01_05-59-56_UTC_2.jpg"
"","","","","@archi_jobs","Architecture","Instagram OCR","2025-12-31","New","s3://structcrew-images/archi_jobs/2025-11-01_06-53-19_UTC.jpg"
"","","","","@archi_jobs","Architecture","Instagram OCR","2025-12-31","New","s3://structcrew-images/archi_jobs/2025-11-01_07-00-12_UTC.jpg"
"","","","","@archi_jobs","Architecture","Instagram OCR","2025-12-31","New","s3://structcrew-images/archi_jobs/2025-11-02_04-36-56_UTC.jpg"
"","","","","@archi_jobs","Architecture","Instagram OCR","2025-12-31","New","s3://structcrew-images/archi_jobs/2025-11-02_04-40-06_UTC.jpg"
"","","","","@archi_jobs","Architecture","Instagram OCR","2025-12-31","New","s3://structcrew-images/archi_jobs/2025-11-02_04-42-16_UTC.jpg"
"","","","","@archi_jobs","Architecture","Instagram OCR","2025-12-31","New","s3://structcrew-images/archi_jobs/2025-11-02_04-57-53_UTC.jpg"
"","","","","@archi_jobs","Architecture","Instagram OCR","2025-12-31","New","s3://structcrew-images/archi_jobs/2025-11-02_05-00-21_UTC.jpg"
"","","","","@archi_jobs","Architecture","Instagram OCR","2025-12-31","New","s3://structcrew-images/archi_jobs/2025-11-02_05-02-05_UTC.jpg"
"","","","","@archi_jobs","Architecture","Instagram OCR","2025-12-31","New","s3://structcrew-images/archi_jobs/2025-11-02_05-03-53_UTC.jpg"
"","","","","@archi_jobs","Architecture","Instagram OCR","2025-12-31","New","s3://structcrew-images/archi_jobs/2025-11-02_05-05-32_UTC.jpg"
"","","","","@archi_jobs","Architecture","Instagram OCR","2025-12-31","New","s3://structcrew-images/archi_jobs/2025-11-02_05-07-36_UTC.jpg"
"","","","","@archi_jobs","Architecture","Instagram OCR","2025-12-31","New","s3://structcrew-images/archi_jobs/2025-11-02_05-10-27_UTC.jpg"
"","","","","@archi_jobs","Architecture","Instagram OCR","2025-12-31","New","s3://structcrew-images/archi_jobs/2025-11-02_12-37-56_UTC.jpg"
"","","","","@archi_jobs","Architecture","Instagram OCR","2025-12-31","New","s3://structcrew-images/archi_jobs/2025-11-02_12-39-29_UTC.jpg"
"","","","","@archi_jobs","Architecture","Instagram OCR","2025-12-31","New","s3://structcrew-images/archi_jobs/2025-11-02_12-41-36_UTC.jpg"
"","","","","@archi_jobs","Architecture","Instagram OCR","2025-12-31","New","s3://structcrew-images/archi_jobs/2025-11-02_12-43-34_UTC.jpg"
"","","","","@archi_jobs","Architecture","Instagram OCR","2025-12-31","New","s3://structcrew-images/archi_jobs/2025-11-02_12-45-15_UTC.jpg"
"","","","","@archi_jobs","Architecture","Instagram OCR","2025-12-31","New","s3://structcrew-images/archi_jobs/2025-11-02_12-47-08_UTC.jpg"
"","","","","@archi_jobs","Architecture","Instagram OCR","2025-12-31","New","s3://structcrew-images/archi_jobs/2025-11-02_12-48-50_UTC.jpg"
"","","","","@archi_jobs","Architecture","Instagram OCR","2025-12-31","New","s3://structcrew-images/archi_jobs/2025-11-02_12-50-16_UTC.jpg"
"","","","","@archi_jobs","Architecture","Instagram OCR","2025-12-31","New","s3://structcrew-images/archi_jobs/2025-11-02_12-51-45_UTC.jpg"
"","","","","@archi_jobs","Architecture","Instagram OCR","2025-12-31","New","s3://structcrew-images/archi_jobs/2025-11-02_16-09-10_UTC.jpg"
"","","","","@archi_jobs","Architecture","Instagram OCR","2025-12-31","New","s3://structcrew-images/archi_jobs/2025-11-03_06-03-51_UTC.jpg"
"","","","","@archi_jobs","Architecture","Instagram OCR","2025-12-31","New","s3://structcrew-images/archi_jobs/2025-11-03_06-05-44_UTC.jpg"
"","","","","@archi_jobs","Architecture","Instagram OCR","2025-12-31","New","s3://structcrew-images/archi_jobs/2025-11-03_06-08-30_UTC.jpg"
"","","","","@archi_jobs","Architecture","Instagram OCR","2025-12-31","New","s3://structcrew-images/archi_jobs/2025-11-03_13-48-50_UTC.jpg"
"","","","","@archi_jobs","Architecture","Instagram OCR","2025-12-31","New","s3://structcrew-images/archi_jobs/2025-11-03_13-53-21_UTC.jpg"
"","","","","@archi_jobs","Architecture","Instagram OCR","2025-12-31","New","s3://structcrew-images/archi_jobs/2025-11-03_13-57-55_UTC.jpg"
"","","","","@archi_jobs","Architecture","Instagram OCR","2025-12-31","New","s3://structcrew-images/archi_jobs/2025-11-03_14-01-54_UTC.jpg"
"","","","","@archi_jobs","Architecture","Instagram OCR","2025-12-31","New","s3://structcrew-images/archi_jobs/2025-11-03_14-03-48_UTC.jpg"
"","","","","@archi_jobs","Architecture","Instagram OCR","2025-12-31","New","s3://structcrew-images/archi_jobs/2025-11-03_14-12-53_UTC.jpg"
"","","","","@archi_jobs","Architecture","Instagram OCR","2025-12-31","New","s3://structcrew-images/archi_jobs/2025-11-04_05-28-11_UTC.jpg"
"","","","","@archi_jobs","Architecture","Instagram OCR","2025-12-31","New","s3://structcrew-images/archi_jobs/2025-11-04_05-31-24_UTC.jpg"
"","","","","@archi_jobs","Architecture","Instagram OCR","2025-12-31","New","s3://structcrew-images/archi_jobs/2025-11-04_05-34-31_UTC.jpg"
"","","","","@archi_jobs","Architecture","Instagram OCR","2025-12-31","New","s3://structcrew-images/archi_jobs/2025-11-04_05-37-21_UTC.jpg"
"","","","","@archi_jobs","Architecture","Instagram OCR","2025-12-31","New","s3://structcrew-images/archi_jobs/2025-11-04_06-34-36_UTC.jpg"
"","","","","@archi_jobs","Architecture","Instagram OCR","2025-12-31","New","s3://structcrew-images/archi_jobs/2025-11-04_12-29-30_UTC.jpg"
"","","","","@archi_jobs","Architecture","Instagram OCR","2025-12-31","New","s3://structcrew-images/archi_jobs/2025-11-04_14-17-39_UTC.jpg"
"","","","","@archi_jobs","Architecture","Instagram OCR","2025-12-31","New","s3://structcrew-images/archi_jobs/2025-11-04_14-19-53_UTC.jpg"
"","","","","@archi_jobs","Architecture","Instagram OCR","2025-12-31","New","s3://structcrew-images/archi_jobs/2025-11-04_14-22-29_UTC.jpg"
"","","","","@archi_jobs","Architecture","Instagram OCR","2025-12-31","New","s3://structcrew-images/archi_jobs/2025-11-04_14-24-09_UTC.jpg"
"","","","","@archi_jobs","Architecture","Instagram OCR","2025-12-31","New","s3://structcrew-images/archi_jobs/2025-11-04_14-25-50_UTC.jpg"
"","","","","@archi_jobs","Architecture","Instagram OCR","2025-12-31","New","s3://structcrew-images/archi_jobs/2025-11-04_14-27-32_UTC.jpg"
"","","","","@archi_jobs","Architecture","Instagram OCR","2025-12-31","New","s3://structcrew-images/archi_jobs/2025-11-04_14-29-14_UTC.jpg"
"","","","","@archi_jobs","Architecture","Instagram OCR","2025-12-31","New","s3://structcrew-images/archi_jobs/2025-11-05_04-35-18_UTC.jpg"
"","","","","@archi_jobs","Architecture","Instagram OCR","2025-12-31","New","s3://structcrew-images/archi_jobs/2025-11-05_04-38-09_UTC.jpg"
"","","","","@archi_jobs","Architecture","Instagram OCR","2025-12-31","New","s3://structcrew-images/archi_jobs/2025-11-05_04-49-20_UTC.jpg"
"","","","","@archi_jobs","Architecture","Instagram OCR","2025-12-31","New","s3://structcrew-images/archi_jobs/2025-11-05_04-51-42_UTC.jpg"
"","","","","@archi_jobs","Architecture","Instagram OCR","2025-12-31","New","s3://structcrew-images/archi_jobs/2025-11-05_06-10-31_UTC.jpg"
"","","","","@archi_jobs","Architecture","Instagram OCR","2025-12-31","New","s3://structcrew-images/archi_jobs/2025-11-05_13-50-00_UTC.jpg"
"","","","","@archi_jobs","Architecture","Instagram OCR","2025-12-31","New","s3://structcrew-images/archi_jobs/2025-11-05_13-52-43_UTC.jpg"
"","","","","@archi_jobs","Architecture","Instagram OCR","2025-12-31","New","s3://structcrew-images/archi_jobs/2025-11-05_13-55-06_UTC.jpg"
"","","","","@archi_jobs","Architecture","Instagram OCR","2025-12-31","New","s3://structcrew-images/archi_jobs/2025-11-05_14-04-31_UTC.jpg"
"","","","","@archi_jobs","Architecture","Instagram OCR","2025-12-31","New","s3://structcrew-images/archi_jobs/2025-11-05_14-06-29_UTC.jpg"
"","","","","@archi_jobs","Architecture","Instagram OCR","2025-12-31","New","s3://structcrew-images/archi_jobs/2025-11-06_06-46-21_UTC.jpg"
"","","","","@archi_jobs","Architecture","Instagram OCR","2025-12-31","New","s3://structcrew-images/archi_jobs/2025-11-06_06-53-33_UTC.jpg"
"","","","","@archi_jobs","Architecture","Instagram OCR","2025-12-31","New","s3://structcrew-images/archi_jobs/2025-11-06_06-56-55_UTC.jpg"
"","","","","@archi_jobs","Architecture","Instagram OCR","2025-12-31","New","s3://structcrew-images/archi_jobs/2025-11-06_11-35-22_UTC.jpg"
"","","","","@archi_jobs","Architecture","Instagram OCR","2025-12-31","New","s3://structcrew-images/archi_jobs/2025-11-06_11-39-46_UTC.jpg"
"","","","","@archi_jobs","Architecture","Instagram OCR","2025-12-31","New","s3://structcrew-images/archi_jobs/2025-11-06_11-44-55_UTC.jpg"
"","","","","@archi_jobs","Architecture","Instagram OCR","2025-12-31","New","s3://structcrew-images/archi_jobs/2025-11-07_04-26-26_UTC.jpg"
"","","","","@archi_jobs","Architecture","Instagram OCR","2025-12-31","New","s3://structcrew-images/archi_jobs/2025-11-07_04-30-47_UTC.jpg"
"","","","","@archi_jobs","Architecture","Instagram OCR","2025-12-31","New","s3://structcrew-images/archi_jobs/2025-11-07_04-39-47_UTC.jpg"
"","","","","@archi_jobs","Architecture","Instagram OCR","2025-12-31","New","s3://structcrew-images/archi_jobs/2025-11-07_06-41-36_UTC.jpg"
"","","","","@archi_jobs","Architecture","Instagram OCR","2025-12-31","New","s3://structcrew-images/archi_jobs/2025-11-07_11-35-00_UTC.jpg"
"","","","","@archi_jobs","Architecture","Instagram OCR","2025-12-31","New","s3://structcrew-images/archi_jobs/2025-11-07_11-40-19_UTC.jpg"
"","","","","@archi_jobs","Architecture","Instagram OCR","2025-12-31","New","s3://structcrew-images/archi_jobs/2025-11-07_11-46-48_UTC.jpg"
"","","","","@archi_jobs","Architecture","Instagram OCR","2025-12-31","New","s3://structcrew-images/archi_jobs/2025-11-07_13-47-11_UTC.jpg"
"","","","","@archi_jobs","Architecture","Instagram OCR","2025-12-31","New","s3://structcrew-images/archi_jobs/2025-11-07_13-49-21_UTC.jpg"
"","","","","@archi_jobs","Architecture","Instagram OCR","2025-12-31","New","s3://structcrew-images/archi_jobs/2025-11-07_13-51-21_UTC.jpg"
"","","","","@archi_jobs","Architecture","Instagram OCR","2025-12-31","New","s3://structcrew-images/archi_jobs/2025-11-08_05-49-20_UTC.jpg"
"","","","","@archi_jobs","Architecture","Instagram OCR","2025-12-31","New","s3://structcrew-images/archi_jobs/2025-11-08_05-51-21_UTC.jpg"
"","","","","@archi_jobs","Architecture","Instagram OCR","2025-12-31","New","s3://structcrew-images/archi_jobs/2025-11-08_05-53-29_UTC.jpg"
"","","","","@archi_jobs","Architecture","Instagram OCR","2025-12-31","New","s3://structcrew-images/archi_jobs/2025-11-08_05-55-06_UTC.jpg"
"","","","","@archi_jobs","Architecture","Instagram OCR","2025-12-31","New","s3://structcrew-images/archi_jobs/2025-11-08_05-56-31_UTC.jpg"
"","","","","@archi_jobs","Architecture","Instagram OCR","2025-12-31","New","s3://structcrew-images/archi_jobs/2025-11-08_05-58-36_UTC.jpg"
"","","","","@archi_jobs","Architecture","Instagram OCR","2025-12-31","New","s3://structcrew-images/archi_jobs/2025-11-08_06-00-18_UTC.jpg"
"","","","","@archi_jobs","Architecture","Instagram OCR","2025-12-31","New","s3://structcrew-images/archi_jobs/2025-11-08_13-00-41_UTC.jpg"
"","","","","@archi_jobs","Architecture","Instagram OCR","2025-12-31","New","s3://structcrew-images/archi_jobs/2025-11-08_13-23-05_UTC.jpg"
"","","","","@archi_jobs","Architecture","Instagram OCR","2025-12-31","New","s3://structcrew-images/archi_jobs/2025-11-08_13-25-52_UTC.jpg"
"","","","","@archi_jobs","Architecture","Instagram OCR","2025-12-31","New","s3://structcrew-images/archi_jobs/2025-11-08_13-29-10_UTC.jpg"
"","","","","@archi_jobs","Architecture","Instagram OCR","2025-12-31","New","s3://structcrew-images/archi_jobs/2025-11-08_13-32-01_UTC.jpg"
"","","","","@archi_jobs","Architecture","Instagram OCR","2025-12-31","New","s3://structcrew-images/archi_jobs/2025-11-09_07-00-56_UTC.jpg"
"","","","","@archi_jobs","Architecture","Instagram OCR","2025-12-31","New","s3://structcrew-images/archi_jobs/2025-11-09_11-35-46_UTC.jpg"
"","","","","@archi_jobs","Architecture","Instagram OCR","2025-12-31","New","s3://structcrew-images/archi_jobs/2025-11-09_11-37-50_UTC.jpg"
"","","","","@archi_jobs","Architecture","Instagram OCR","2025-12-31","New","s3://structcrew-images/archi_jobs/2025-11-09_11-39-47_UTC.jpg"
"","","","","@archi_jobs","Architecture","Instagram OCR","2025-12-31","New","s3://structcrew-images/archi_jobs/2025-11-09_11-41-37_UTC.jpg"
"","","","","@archi_jobs","Architecture","Instagram OCR","2025-12-31","New","s3://structcrew-images/archi_jobs/2025-11-10_06-30-58_UTC.jpg"
"","","","","@archi_jobs","Architecture","Instagram OCR","2025-12-31","New","s3://structcrew-images/archi_jobs/2025-11-10_06-37-33_UTC.jpg"
"","","","","@archi_jobs","Architecture","Instagram OCR","2025-12-31","New","s3://structcrew-images/archi_jobs/2025-11-10_06-45-01_UTC.jpg"
"","","","","@archi_jobs","Architecture","Instagram OCR","2025-12-31","New","s3://structcrew-images/archi_jobs/2025-11-10_14-22-33_UTC.jpg"
"","","","","@archi_jobs","Architecture","Instagram OCR","2025-12-31","New","s3://structcrew-images/archi_jobs/2025-11-10_14-35-01_UTC.jpg"
"","","","","@archi_jobs","Architecture","Instagram OCR","2025-12-31","New","s3://structcrew-images/archi_jobs/2025-11-10_14-38-18_UTC.jpg"
"","","","","@archi_jobs","Architecture","Instagram OCR","2025-12-31","New","s3://structcrew-images/archi_jobs/2025-11-10_14-41-08_UTC.jpg"
"","","","","@archi_jobs","Architecture","Instagram OCR","2025-12-31","New","s3://structcrew-images/archi_jobs/2025-11-11_12-03-24_UTC.jpg"
"","","","","@archi_jobs","Architecture","Instagram OCR","2025-12-31","New","s3://structcrew-images/archi_jobs/2025-11-11_12-16-47_UTC.jpg"
"","","","","@archi_jobs","Architecture","Instagram OCR","2025-12-31","New","s3://structcrew-images/archi_jobs/2025-11-11_12-23-38_UTC.jpg"
"","","","","@archi_jobs","Architecture","Instagram OCR","2025-12-31","New","s3://structcrew-images/archi_jobs/2025-11-11_14-28-30_UTC.jpg"
"","","","","@archi_jobs","Architecture","Instagram OCR","2025-12-31","New","s3://structcrew-images/archi_jobs/2025-11-11_14-30-33_UTC.jpg"
"","","","","@archi_jobs","Architecture","Instagram OCR","2025-12-31","New","s3://structcrew-images/archi_jobs/2025-11-11_14-31-59_UTC.jpg"
"","","","","@archi_jobs","Architecture","Instagram OCR","2025-12-31","New","s3://structcrew-images/archi_jobs/2025-11-11_14-33-21_UTC.jpg"
"","","","","@archi_jobs","Architecture","Instagram OCR","2025-12-31","New","s3://structcrew-images/archi_jobs/2025-11-11_14-34-51_UTC.jpg"
"","","","","@archi_jobs","Architecture","Instagram OCR","2025-12-31","New","s3://structcrew-images/archi_jobs/2025-11-12_04-33-20_UTC.jpg"
"","","","","@archi_jobs","Architecture","Instagram OCR","2025-12-31","New","s3://structcrew-images/archi_jobs/2025-11-12_04-37-45_UTC.jpg"
"","","","","@archi_jobs","Architecture","Instagram OCR","2025-12-31","New","s3://structcrew-images/archi_jobs/2025-11-12_13-36-26_UTC.jpg"
"","","","","@archi_jobs","Architecture","Instagram OCR","2025-12-31","New","s3://structcrew-images/archi_jobs/2025-11-12_13-40-35_UTC.jpg"
"","","","","@archi_jobs","Architecture","Instagram OCR","2025-12-31","New","s3://structcrew-images/archi_jobs/2025-11-12_13-44-39_UTC.jpg"
"","","","","@archi_jobs","Architecture","Instagram OCR","2025-12-31","New","s3://structcrew-images/archi_jobs/2025-11-12_13-51-11_UTC_1.jpg"
"","","","","@archi_jobs","Architecture","Instagram OCR","2025-12-31","New","s3://structcrew-images/archi_jobs/2025-11-12_13-51-11_UTC_2.jpg"
"","","","","@archi_jobs","Architecture","Instagram OCR","2025-12-31","New","s3://structcrew-images/archi_jobs/2025-11-12_13-51-11_UTC_3.jpg"
"","","","","@archi_jobs","Architecture","Instagram OCR","2025-12-31","New","s3://structcrew-images/archi_jobs/2025-11-13_06-23-20_UTC.jpg"
"","","","","@archi_jobs","Architecture","Instagram OCR","2025-12-31","New","s3://structcrew-images/archi_jobs/2025-11-13_06-39-08_UTC.jpg"
"","","","","@archi_jobs","Architecture","Instagram OCR","2025-12-31","New","s3://structcrew-images/archi_jobs/2025-11-13_06-47-59_UTC.jpg"
"","","","","@archi_jobs","Architecture","Instagram OCR","2025-12-31","New","s3://structcrew-images/archi_jobs/2025-11-13_06-49-58_UTC.jpg"
"","","","","@archi_jobs","Architecture","Instagram OCR","2025-12-31","New","s3://structcrew-images/archi_jobs/2025-11-13_13-50-20_UTC.jpg"
"","","","","@archi_jobs","Architecture","Instagram OCR","2025-12-31","New","s3://structcrew-images/archi_jobs/2025-11-13_13-53-27_UTC.jpg"
"","","","","@archi_jobs","Architecture","Instagram OCR","2025-12-31","New","s3://structcrew-images/archi_jobs/2025-11-13_13-55-15_UTC.jpg"
"","","","","@archi_jobs","Architecture","Instagram OCR","2025-12-31","New","s3://structcrew-images/archi_jobs/2025-11-13_13-59-38_UTC.jpg"
"","","","","@archi_jobs","Architecture","Instagram OCR","2025-12-31","New","s3://structcrew-images/archi_jobs/2025-11-13_14-01-53_UTC.jpg"
"","","","","@archi_jobs","Architecture","Instagram OCR","2025-12-31","New","s3://structcrew-images/archi_jobs/2025-11-13_14-03-25_UTC.jpg"
"","","","","@archi_jobs","Architecture","Instagram OCR","2025-12-31","New","s3://structcrew-images/archi_jobs/2025-11-14_04-40-38_UTC.jpg"
"","","","","@archi_jobs","Architecture","Instagram OCR","2025-12-31","New","s3://structcrew-images/archi_jobs/2025-11-14_04-43-04_UTC.jpg"
"","","","","@archi_jobs","Architecture","Instagram OCR","2025-12-31","New","s3://structcrew-images/archi_jobs/2025-11-14_04-47-14_UTC.jpg"
"","","","","@archi_jobs","Architecture","Instagram OCR","2025-12-31","New","s3://structcrew-images/archi_jobs/2025-11-14_04-49-28_UTC.jpg"
"","","","","@archi_jobs","Architecture","Instagram OCR","2025-12-31","New","s3://structcrew-images/archi_jobs/2025-11-14_04-53-41_UTC_1.jpg"
"","","","","@archi_jobs","Architecture","Instagram OCR","2025-12-31","New","s3://structcrew-images/archi_jobs/2025-11-14_04-53-41_UTC_2.jpg"
"","","","","@archi_jobs","Architecture","Instagram OCR","2025-12-31","New","s3://structcrew-images/archi_jobs/2025-11-14_04-53-41_UTC_3.jpg"
"","","","","@archi_jobs","Architecture","Instagram OCR","2025-12-31","New","s3://structcrew-images/archi_jobs/2025-11-14_14-21-46_UTC.jpg"
"","","","","@archi_jobs","Architecture","Instagram OCR","2025-12-31","New","s3://structcrew-images/archi_jobs/2025-11-14_14-26-06_UTC.jpg"
"","","","","@archi_jobs","Architecture","Instagram OCR","2025-12-31","New","s3://structcrew-images/archi_jobs/2025-11-14_14-29-28_UTC.jpg"
"","","","","@archi_jobs","Architecture","Instagram OCR","2025-12-31","New","s3://structcrew-images/archi_jobs/2025-11-14_14-33-55_UTC.jpg"
"","","","","@archi_jobs","Architecture","Instagram OCR","2025-12-31","New","s3://structcrew-images/archi_jobs/2025-11-15_04-48-41_UTC.jpg"
"","","","","@archi_jobs","Architecture","Instagram OCR","2025-12-31","New","s3://structcrew-images/archi_jobs/2025-11-15_04-50-41_UTC.jpg"
"","","","","@archi_jobs","Architecture","Instagram OCR","2025-12-31","New","s3://structcrew-images/archi_jobs/2025-11-15_04-52-50_UTC.jpg"
"","","","","@archi_jobs","Architecture","Instagram OCR","2025-12-31","New","s3://structcrew-images/archi_jobs/2025-11-15_11-42-20_UTC.jpg"
"","","","","@archi_jobs","Architecture","Instagram OCR","2025-12-31","New","s3://structcrew-images/archi_jobs/2025-11-15_11-44-03_UTC.jpg"
"","","","","@archi_jobs","Architecture","Instagram OCR","2025-12-31","New","s3://structcrew-images/archi_jobs/2025-11-15_11-45-51_UTC.jpg"
"","","","","@archi_jobs","Architecture","Instagram OCR","2025-12-31","New","s3://structcrew-images/archi_jobs/2025-11-15_11-47-23_UTC.jpg"
"","","","","@archi_jobs","Architecture","Instagram OCR","2025-12-31","New","s3://structcrew-images/archi_jobs/2025-11-15_11-49-09_UTC.jpg"
"","","","","@archi_jobs","Architecture","Instagram OCR","2025-12-31","New","s3://structcrew-images/archi_jobs/2025-11-15_11-50-48_UTC.jpg"
"","","","","@archi_jobs","Architecture","Instagram OCR","2025-12-31","New","s3://structcrew-images/archi_jobs/2025-11-15_12-26-50_UTC.jpg"
"","","","","@archi_jobs","Architecture","Instagram OCR","2025-12-31","New","s3://structcrew-images/archi_jobs/2025-11-15_12-33-57_UTC.jpg"
"","","","","@archi_jobs","Architecture","Instagram OCR","2025-12-31","New","s3://structcrew-images/archi_jobs/2025-11-16_04-24-51_UTC.jpg"
"","","","","@archi_jobs","Architecture","Instagram OCR","2025-12-31","New","s3://structcrew-images/archi_jobs/2025-11-16_04-26-42_UTC.jpg"
"","","","","@archi_jobs","Architecture","Instagram OCR","2025-12-31","New","s3://structcrew-images/archi_jobs/2025-11-16_04-28-29_UTC.jpg"
"","","","","@archi_jobs","Architecture","Instagram OCR","2025-12-31","New","s3://structcrew-images/archi_jobs/2025-11-16_04-31-06_UTC.jpg"
"","","","","@archi_jobs","Architecture","Instagram OCR","2025-12-31","New","s3://structcrew-images/archi_jobs/2025-11-16_04-33-27_UTC.jpg"
"","","","","@archi_jobs","Architecture","Instagram OCR","2025-12-31","New","s3://structcrew-images/archi_jobs/2025-11-16_04-35-48_UTC.jpg"
"","","","","@archi_jobs","Architecture","Instagram OCR","2025-12-31","New","s3://structcrew-images/archi_jobs/2025-11-16_05-38-19_UTC.jpg"
"","","","","@archi_jobs","Architecture","Instagram OCR","2025-12-31","New","s3://structcrew-images/archi_jobs/2025-11-17_05-52-58_UTC.jpg"
"","","","","@archi_jobs","Architecture","Instagram OCR","2025-12-31","New","s3://structcrew-images/archi_jobs/2025-11-17_05-54-57_UTC.jpg"
"","","","","@archi_jobs","Architecture","Instagram OCR","2025-12-31","New","s3://structcrew-images/archi_jobs/2025-11-17_05-56-34_UTC.jpg"
"","","","","@archi_jobs","Architecture","Instagram OCR","2025-12-31","New","s3://structcrew-images/archi_jobs/2025-11-17_11-33-30_UTC.jpg"
"","","","","@archi_jobs","Architecture","Instagram OCR","2025-12-31","New","s3://structcrew-images/archi_jobs/2025-11-17_11-48-29_UTC.jpg"
"","","","","@archi_jobs","Architecture","Instagram OCR","2025-12-31","New","s3://structcrew-images/archi_jobs/2025-11-17_11-56-01_UTC.jpg"
"","","","","@archi_jobs","Architecture","Instagram OCR","2025-12-31","New","s3://structcrew-images/archi_jobs/2025-11-17_12-03-44_UTC.jpg"
"","","","","@archi_jobs","Architecture","Instagram OCR","2025-12-31","New","s3://structcrew-images/archi_jobs/2025-11-17_12-10-08_UTC_1.jpg"
"","","","","@archi_jobs","Architecture","Instagram OCR","2025-12-31","New","s3://structcrew-images/archi_jobs/2025-11-17_12-10-08_UTC_2.jpg"
"","","","","@archi_jobs","Architecture","Instagram OCR","2025-12-31","New","s3://structcrew-images/archi_jobs/2025-11-18_05-48-33_UTC.jpg"
"","","","","@archi_jobs","Architecture","Instagram OCR","2025-12-31","New","s3://structcrew-images/archi_jobs/2025-11-18_06-31-01_UTC.jpg"
"","","","","@archi_jobs","Architecture","Instagram OCR","2025-12-31","New","s3://structcrew-images/archi_jobs/2025-11-18_06-32-43_UTC.jpg"
"","","","","@archi_jobs","Architecture","Instagram OCR","2025-12-31","New","s3://structcrew-images/archi_jobs/2025-11-18_06-46-36_UTC.jpg"
"","","","","@archi_jobs","Architecture","Instagram OCR","2025-12-31","New","s3://structcrew-images/archi_jobs/2025-11-19_04-12-56_UTC.jpg"
"","","","","@archi_jobs","Architecture","Instagram OCR","2025-12-31","New","s3://structcrew-images/archi_jobs/2025-11-19_04-23-21_UTC.jpg"
"","","","","@archi_jobs","Architecture","Instagram OCR","2025-12-31","New","s3://structcrew-images/archi_jobs/2025-11-19_04-28-30_UTC.jpg"
"","","","","@archi_jobs","Architecture","Instagram OCR","2025-12-31","New","s3://structcrew-images/archi_jobs/2025-11-19_11-39-06_UTC.jpg"
"","","","","@archi_jobs","Architecture","Instagram OCR","2025-12-31","New","s3://structcrew-images/archi_jobs/2025-11-19_11-44-42_UTC.jpg"
"","","","","@archi_jobs","Architecture","Instagram OCR","2025-12-31","New","s3://structcrew-images/archi_jobs/2025-11-19_11-46-13_UTC.jpg"
"","","","","@archi_jobs","Architecture","Instagram OCR","2025-12-31","New","s3://structcrew-images/archi_jobs/2025-11-19_11-49-33_UTC_1.jpg"
"","","","","@archi_jobs","Architecture","Instagram OCR","2025-12-31","New","s3://structcrew-images/archi_jobs/2025-11-19_11-49-33_UTC_2.jpg"
"","","","","@archi_jobs","Architecture","Instagram OCR","2025-12-31","New","s3://structcrew-images/archi_jobs/2025-11-19_11-49-33_UTC_3.jpg"
"","","","","@archi_jobs","Architecture","Instagram OCR","2025-12-31","New","s3://structcrew-images/archi_jobs/2025-11-19_11-52-33_UTC.jpg"
"","","","","@archi_jobs","Architecture","Instagram OCR","2025-12-31","New","s3://structcrew-images/archi_jobs/2025-11-19_11-54-15_UTC.jpg"
"","","","","@archi_jobs","Architecture","Instagram OCR","2025-12-31","New","s3://structcrew-images/archi_jobs/2025-11-20_04-53-03_UTC.jpg"
"","","","","@archi_jobs","Architecture","Instagram OCR","2025-12-31","New","s3://structcrew-images/archi_jobs/2025-11-20_04-55-42_UTC.jpg"
"","","","","@archi_jobs","Architecture","Instagram OCR","2025-12-31","New","s3://structcrew-images/archi_jobs/2025-11-20_04-58-12_UTC.jpg"
"","","","","@archi_jobs","Architecture","Instagram OCR","2025-12-31","New","s3://structcrew-images/archi_jobs/2025-11-20_05-01-00_UTC.jpg"
"","","","","@archi_jobs","Architecture","Instagram OCR","2025-12-31","New","s3://structcrew-images/archi_jobs/2025-11-20_05-03-11_UTC.jpg"
"","","","","@archi_jobs","Architecture","Instagram OCR","2025-12-31","New","s3://structcrew-images/archi_jobs/2025-11-20_05-05-31_UTC.jpg"
"","","","","@archi_jobs","Architecture","Instagram OCR","2025-12-31","New","s3://structcrew-images/archi_jobs/2025-11-20_13-50-56_UTC.jpg"
"","","","","@archi_jobs","Architecture","Instagram OCR","2025-12-31","New","s3://structcrew-images/archi_jobs/2025-11-20_13-54-49_UTC.jpg"
"","","","","@archi_jobs","Architecture","Instagram OCR","2025-12-31","New","s3://structcrew-images/archi_jobs/2025-11-21_04-46-19_UTC.jpg"
"","","","","@archi_jobs","Architecture","Instagram OCR","2025-12-31","New","s3://structcrew-images/archi_jobs/2025-11-21_04-55-11_UTC.jpg"
"","","","","@archi_jobs","Architecture","Instagram OCR","2025-12-31","New","s3://structcrew-images/archi_jobs/2025-11-21_04-57-13_UTC.jpg"
"","","","","@archi_jobs","Architecture","Instagram OCR","2025-12-31","New","s3://structcrew-images/archi_jobs/2025-11-21_04-58-46_UTC.jpg"
"","","","","@archi_jobs","Architecture","Instagram OCR","2025-12-31","New","s3://structcrew-images/archi_jobs/2025-11-21_05-02-52_UTC.jpg"
"","","","","@archi_jobs","Architecture","Instagram OCR","2025-12-31","New","s3://structcrew-images/archi_jobs/2025-11-21_05-05-06_UTC.jpg"
"","","","","@archi_jobs","Architecture","Instagram OCR","2025-12-31","New","s3://structcrew-images/archi_jobs/2025-11-21_05-09-25_UTC.jpg"
"","","","","@archi_jobs","Architecture","Instagram OCR","2025-12-31","New","s3://structcrew-images/archi_jobs/2025-11-21_05-11-26_UTC.jpg"
"","","","","@archi_jobs","Architecture","Instagram OCR","2025-12-31","New","s3://structcrew-images/archi_jobs/2025-11-21_11-49-19_UTC.jpg"
"","","","","@archi_jobs","Architecture","Instagram OCR","2025-12-31","New","s3://structcrew-images/archi_jobs/2025-11-21_11-56-53_UTC.jpg"
"","","","","@archi_jobs","Architecture","Instagram OCR","2025-12-31","New","s3://structcrew-images/archi_jobs/2025-11-22_03-50-05_UTC.jpg"
"","","","","@archi_jobs","Architecture","Instagram OCR","2025-12-31","New","s3://structcrew-images/archi_jobs/2025-11-22_05-49-39_UTC.jpg"
"","","","","@archi_jobs","Architecture","Instagram OCR","2025-12-31","New","s3://structcrew-images/archi_jobs/2025-11-22_05-51-19_UTC.jpg"
"","","","","@archi_jobs","Architecture","Instagram OCR","2025-12-31","New","s3://structcrew-images/archi_jobs/2025-11-22_12-39-08_UTC.jpg"
"","","","","@archi_jobs","Architecture","Instagram OCR","2025-12-31","New","s3://structcrew-images/archi_jobs/2025-11-22_12-40-53_UTC_1.jpg"
"","","","","@archi_jobs","Architecture","Instagram OCR","2025-12-31","New","s3://structcrew-images/archi_jobs/2025-11-22_12-40-53_UTC_2.jpg"
"","","","","@archi_jobs","Architecture","Instagram OCR","2025-12-31","New","s3://structcrew-images/archi_jobs/2025-11-22_12-40-53_UTC_3.jpg"
"","","","","@archi_jobs","Architecture","Instagram OCR","2025-12-31","New","s3://structcrew-images/archi_jobs/2025-11-23_04-46-18_UTC.jpg"
"","","","","@archi_jobs","Architecture","Instagram OCR","2025-12-31","New","s3://structcrew-images/archi_jobs/2025-11-23_04-50-27_UTC.jpg"
"","","","","@archi_jobs","Architecture","Instagram OCR","2025-12-31","New","s3://structcrew-images/archi_jobs/2025-11-23_04-52-32_UTC.jpg"
"","","","","@archi_jobs","Architecture","Instagram OCR","2025-12-31","New","s3://structcrew-images/archi_jobs/2025-11-23_04-54-00_UTC.jpg"
"","","","","@archi_jobs","Architecture","Instagram OCR","2025-12-31","New","s3://structcrew-images/archi_jobs/2025-11-24_06-33-53_UTC.jpg"
"","","","","@archi_jobs","Architecture","Instagram OCR","2025-12-31","New","s3://structcrew-images/archi_jobs/2025-11-24_06-48-42_UTC.jpg"
"","","","","@archi_jobs","Architecture","Instagram OCR","2025-12-31","New","s3://structcrew-images/archi_jobs/2025-11-24_13-49-51_UTC.jpg"
"","","","","@archi_jobs","Architecture","Instagram OCR","2025-12-31","New","s3://structcrew-images/archi_jobs/2025-11-24_13-54-11_UTC.jpg"
"","","","","@archi_jobs","Architecture","Instagram OCR","2025-12-31","New","s3://structcrew-images/archi_jobs/2025-11-24_13-58-37_UTC.jpg"
"","","","","@archi_jobs","Architecture","Instagram OCR","2025-12-31","New","s3://structcrew-images/archi_jobs/2025-11-25_13-29-39_UTC.jpg"
"","","","","@archi_jobs","Architecture","Instagram OCR","2025-12-31","New","s3://structcrew-images/archi_jobs/2025-11-25_13-35-08_UTC.jpg"
"","","","","@archi_jobs","Architecture","Instagram OCR","2025-12-31","New","s3://structcrew-images/archi_jobs/2025-11-25_13-37-02_UTC.jpg"
"","","","","@archi_jobs","Architecture","Instagram OCR","2025-12-31","New","s3://structcrew-images/archi_jobs/2025-11-25_13-38-39_UTC.jpg"
"","","","","@archi_jobs","Architecture","Instagram OCR","2025-12-31","New","s3://structcrew-images/archi_jobs/2025-11-25_13-40-37_UTC.jpg"
"","","","","@archi_jobs","Architecture","Instagram OCR","2025-12-31","New","s3://structcrew-images/archi_jobs/2025-11-25_13-42-37_UTC.jpg"
"","","","","@archi_jobs","Architecture","Instagram OCR","2025-12-31","New","s3://structcrew-images/archi_jobs/2025-11-25_13-44-42_UTC.jpg"
"","","","","@archi_jobs","Architecture","Instagram OCR","2025-12-31","New","s3://structcrew-images/archi_jobs/2025-11-25_13-46-40_UTC.jpg"
"","","","","@archi_jobs","Architecture","Instagram OCR","2025-12-31","New","s3://structcrew-images/archi_jobs/2025-11-25_13-48-13_UTC.jpg"
"","","","","@archi_jobs","Architecture","Instagram OCR","2025-12-31","New","s3://structcrew-images/archi_jobs/2025-11-26_11-30-46_UTC.jpg"
"","","","","@archi_jobs","Architecture","Instagram OCR","2025-12-31","New","s3://structcrew-images/archi_jobs/2025-11-26_13-47-52_UTC.jpg"
"","","","","@archi_jobs","Architecture","Instagram OCR","2025-12-31","New","s3://structcrew-images/archi_jobs/2025-11-26_14-37-20_UTC.jpg"
"","","","","@archi_jobs","Architecture","Instagram OCR","2025-12-31","New","s3://structcrew-images/archi_jobs/2025-11-26_14-42-08_UTC.jpg"
"","","","","@archi_jobs","Architecture","Instagram OCR","2025-12-31","New","s3://structcrew-images/archi_jobs/2025-11-27_04-29-53_UTC.jpg"
"","","","","@archi_jobs","Architecture","Instagram OCR","2025-12-31","New","s3://structcrew-images/archi_jobs/2025-11-27_04-38-02_UTC.jpg"
"","","","","@archi_jobs","Architecture","Instagram OCR","2025-12-31","New","s3://structcrew-images/archi_jobs/2025-11-27_04-50-45_UTC.jpg"
"","","","","@archi_jobs","Architecture","Instagram OCR","2025-12-31","New","s3://structcrew-images/archi_jobs/2025-11-27_05-06-23_UTC.jpg"
"","","","","@archi_jobs","Architecture","Instagram OCR","2025-12-31","New","s3://structcrew-images/archi_jobs/2025-11-27_11-50-46_UTC.jpg"
"","","","","@archi_jobs","Architecture","Instagram OCR","2025-12-31","New","s3://structcrew-images/archi_jobs/2025-11-27_11-52-43_UTC.jpg"
"","","","","@archi_jobs","Architecture","Instagram OCR","2025-12-31","New","s3://structcrew-images/archi_jobs/2025-11-27_11-56-20_UTC.jpg"
"","","","","@archi_jobs","Architecture","Instagram OCR","2025-12-31","New","s3://structcrew-images/archi_jobs/2025-11-27_11-57-59_UTC.jpg"
"","","","","@archi_jobs","Architecture","Instagram OCR","2025-12-31","New","s3://structcrew-images/archi_jobs/2025-11-27_12-09-46_UTC.jpg"
"","","","","@archi_jobs","Architecture","Instagram OCR","2025-12-31","New","s3://structcrew-images/archi_jobs/2025-11-27_12-11-52_UTC.jpg"
"","","","","@archi_jobs","Architecture","Instagram OCR","2025-12-31","New","s3://structcrew-images/archi_jobs/2025-11-28_06-24-36_UTC.jpg"
"","","","","@archi_jobs","Architecture","Instagram OCR","2025-12-31","New","s3://structcrew-images/archi_jobs/2025-11-28_06-39-33_UTC.jpg"
"","","","","@archi_jobs","Architecture","Instagram OCR","2025-12-31","New","s3://structcrew-images/archi_jobs/2025-11-28_07-07-41_UTC.jpg"
"","","","","@archi_jobs","Architecture","Instagram OCR","2025-12-31","New","s3://structcrew-images/archi_jobs/2025-11-28_11-39-38_UTC.jpg"
"","","","","@archi_jobs","Architecture","Instagram OCR","2025-12-31","New","s3://structcrew-images/archi_jobs/2025-11-28_11-46-03_UTC.jpg"
"","","","","@archi_jobs","Architecture","Instagram OCR","2025-12-31","New","s3://structcrew-images/archi_jobs/2025-11-28_11-51-48_UTC.jpg"
"","","","","@archi_jobs","Architecture","Instagram OCR","2025-12-31","New","s3://structcrew-images/archi_jobs/2025-11-28_11-56-45_UTC.jpg"
"","","","","@archi_jobs","Architecture","Instagram OCR","2025-12-31","New","s3://structcrew-images/archi_jobs/2025-11-28_13-52-03_UTC.jpg"
"","","","","@archi_jobs","Architecture","Instagram OCR","2025-12-31","New","s3://structcrew-images/archi_jobs/2025-11-28_13-56-09_UTC.jpg"
"","","","","@archi_jobs","Architecture","Instagram OCR","2025-12-31","New","s3://structcrew-images/archi_jobs/2025-11-28_14-05-37_UTC.jpg"
"","","","","@archi_jobs","Architecture","Instagram OCR","2025-12-31","New","s3://structcrew-images/archi_jobs/2025-11-28_14-07-15_UTC.jpg"
"","","","","@archi_jobs","Architecture","Instagram OCR","2025-12-31","New","s3://structcrew-images/archi_jobs/2025-11-28_14-09-00_UTC.jpg"
"","","","","@archi_jobs","Architecture","Instagram OCR","2025-12-31","New","s3://structcrew-images/archi_jobs/2025-11-28_14-10-50_UTC.jpg"
"","","","","@archi_jobs","Architecture","Instagram OCR","2025-12-31","New","s3://structcrew-images/archi_jobs/2025-11-28_14-12-24_UTC.jpg"
"","","","","@archi_jobs","Architecture","Instagram OCR","2025-12-31","New","s3://structcrew-images/archi_jobs/2025-11-28_14-13-59_UTC.jpg"
"","","","","@archi_jobs","Architecture","Instagram OCR","2025-12-31","New","s3://structcrew-images/archi_jobs/2025-11-29_04-30-07_UTC.jpg"
"","","","","@archi_jobs","Architecture","Instagram OCR","2025-12-31","New","s3://structcrew-images/archi_jobs/2025-11-29_04-34-03_UTC.jpg"
"","","","","@archi_jobs","Architecture","Instagram OCR","2025-12-31","New","s3://structcrew-images/archi_jobs/2025-11-29_04-36-54_UTC.jpg"
"","","","","@archi_jobs","Architecture","Instagram OCR","2025-12-31","New","s3://structcrew-images/archi_jobs/2025-11-29_04-38-20_UTC.jpg"
"","","","","@archi_jobs","Architecture","Instagram OCR","2025-12-31","New","s3://structcrew-images/archi_jobs/2025-11-29_04-40-13_UTC.jpg"
"","","","","@archi_jobs","Architecture","Instagram OCR","2025-12-31","New","s3://structcrew-images/archi_jobs/2025-11-29_04-42-17_UTC.jpg"
"","","","","@archi_jobs","Architecture","Instagram OCR","2025-12-31","New","s3://structcrew-images/archi_jobs/2025-11-29_04-44-00_UTC.jpg"
"","","","","@archi_jobs","Architecture","Instagram OCR","2025-12-31","New","s3://structcrew-images/archi_jobs/2025-11-29_04-45-32_UTC.jpg"
"","","","","@archi_jobs","Architecture","Instagram OCR","2025-12-31","New","s3://structcrew-images/archi_jobs/2025-11-29_12-14-24_UTC.jpg"
"","","","","@archi_jobs","Architecture","Instagram OCR","2025-12-31","New","s3://structcrew-images/archi_jobs/2025-11-29_12-16-09_UTC.jpg"
"","","","","@archi_jobs","Architecture","Instagram OCR","2025-12-31","New","s3://structcrew-images/archi_jobs/2025-11-29_13-22-20_UTC_1.jpg"
"","","","","@archi_jobs","Architecture","Instagram OCR","2025-12-31","New","s3://structcrew-images/archi_jobs/2025-11-29_13-22-20_UTC_2.jpg"
"","","","","@archi_jobs","Architecture","Instagram OCR","2025-12-31","New","s3://structcrew-images/archi_jobs/2025-11-29_13-22-20_UTC_3.jpg"
"","","","","@archi_jobs","Architecture","Instagram OCR","2025-12-31","New","s3://structcrew-images/archi_jobs/2025-11-29_13-22-20_UTC_4.jpg"
"","","","","@archi_jobs","Architecture","Instagram OCR","2025-12-31","New","s3://structcrew-images/archi_jobs/2025-11-29_13-22-20_UTC_5.jpg"
"","","","","@archi_jobs","Architecture","Instagram OCR","2025-12-31","New","s3://structcrew-images/archi_jobs/2025-11-29_13-26-16_UTC.jpg"
"","","","","@archi_jobs","Architecture","Instagram OCR","2025-12-31","New","s3://structcrew-images/archi_jobs/2025-11-29_13-27-57_UTC.jpg"
"","","","","@archi_jobs","Architecture","Instagram OCR","2025-12-31","New","s3://structcrew-images/archi_jobs/2025-11-29_13-30-04_UTC_1.jpg"
"","","","","@archi_jobs","Architecture","Instagram OCR","2025-12-31","New","s3://structcrew-images/archi_jobs/2025-11-29_13-30-04_UTC_2.jpg"
"","","","","@archi_jobs","Architecture","Instagram OCR","2025-12-31","New","s3://structcrew-images/archi_jobs/2025-11-29_13-30-04_UTC_3.jpg"
"","","","","@archi_jobs","Architecture","Instagram OCR","2025-12-31","New","s3://structcrew-images/archi_jobs/2025-11-29_13-30-04_UTC_4.jpg"
"","","","","@archi_jobs","Architecture","Instagram OCR","2025-12-31","New","s3://structcrew-images/archi_jobs/2025-11-29_13-31-40_UTC.jpg"
"","","","","@archi_jobs","Architecture","Instagram OCR","2025-12-31","New","s3://structcrew-images/archi_jobs/2025-11-29_13-33-26_UTC.jpg"
"","","","","@archi_jobs","Architecture","Instagram OCR","2025-12-31","New","s3://structcrew-images/archi_jobs/2025-11-30_06-29-14_UTC.jpg"
"","","","","@archi_jobs","Architecture","Instagram OCR","2025-12-31","New","s3://structcrew-images/archi_jobs/2025-11-30_06-31-07_UTC.jpg"
"","","","","@archi_jobs","Architecture","Instagram OCR","2025-12-31","New","s3://structcrew-images/archi_jobs/2025-11-30_06-34-41_UTC.jpg"
"","","","","@archi_jobs","Architecture","Instagram OCR","2025-12-31","New","s3://structcrew-images/archi_jobs/2025-11-30_13-08-41_UTC.jpg"
"","","","","@archi_jobs","Architecture","Instagram OCR","2025-12-31","New","s3://structcrew-images/archi_jobs/2025-11-30_13-12-06_UTC.jpg"
"","","","","@archi_jobs","Architecture","Instagram OCR","2025-12-31","New","s3://structcrew-images/archi_jobs/2025-11-30_13-14-52_UTC.jpg"
"","","","","@archi_jobs","Architecture","Instagram OCR","2025-12-31","New","s3://structcrew-images/archi_jobs/2025-12-01_05-25-35_UTC.jpg"
"","","","","@archi_jobs","Architecture","Instagram OCR","2025-12-31","New","s3://structcrew-images/archi_jobs/2025-12-01_06-17-03_UTC.jpg"
"","","","","@archi_jobs","Architecture","Instagram OCR","2025-12-31","New","s3://structcrew-images/archi_jobs/2025-12-01_06-19-33_UTC.jpg"
"","","","","@archi_jobs","Architecture","Instagram OCR","2025-12-31","New","s3://structcrew-images/archi_jobs/2025-12-01_06-22-42_UTC.jpg"
"","","","","@archi_jobs","Architecture","Instagram OCR","2025-12-31","New","s3://structcrew-images/archi_jobs/2025-12-01_14-21-48_UTC.jpg"
"","","","","@archi_jobs","Architecture","Instagram OCR","2025-12-31","New","s3://structcrew-images/archi_jobs/2025-12-01_14-29-34_UTC.jpg"
"","","","","@archi_jobs","Architecture","Instagram OCR","2025-12-31","New","s3://structcrew-images/archi_jobs/2025-12-02_04-35-13_UTC.jpg"
"","","","","@archi_jobs","Architecture","Instagram OCR","2025-12-31","New","s3://structcrew-images/archi_jobs/2025-12-02_04-39-55_UTC.jpg"
"","","","","@archi_jobs","Architecture","Instagram OCR","2025-12-31","New","s3://structcrew-images/archi_jobs/2025-12-02_06-33-28_UTC.jpg"
"","","","","@archi_jobs","Architecture","Instagram OCR","2025-12-31","New","s3://structcrew-images/archi_jobs/2025-12-02_06-36-13_UTC.jpg"
"","","","","@archi_jobs","Architecture","Instagram OCR","2025-12-31","New","s3://structcrew-images/archi_jobs/2025-12-02_06-38-37_UTC.jpg"
"","","","","@archi_jobs","Architecture","Instagram OCR","2025-12-31","New","s3://structcrew-images/archi_jobs/2025-12-02_13-52-47_UTC.jpg"
"","","","","@archi_jobs","Architecture","Instagram OCR","2025-12-31","New","s3://structcrew-images/archi_jobs/2025-12-02_14-00-36_UTC.jpg"
"","","","","@archi_jobs","Architecture","Instagram OCR","2025-12-31","New","s3://structcrew-images/archi_jobs/2025-12-02_14-06-43_UTC.jpg"
"","","","","@archi_jobs","Architecture","Instagram OCR","2025-12-31","New","s3://structcrew-images/archi_jobs/2025-12-03_06-39-52_UTC.jpg"
"","","","","@archi_jobs","Architecture","Instagram OCR","2025-12-31","New","s3://structcrew-images/archi_jobs/2025-12-03_06-44-00_UTC.jpg"
"","","","","@archi_jobs","Architecture","Instagram OCR","2025-12-31","New","s3://structcrew-images/archi_jobs/2025-12-03_14-15-57_UTC.jpg"
"","","","","@archi_jobs","Architecture","Instagram OCR","2025-12-31","New","s3://structcrew-images/archi_jobs/2025-12-03_14-27-09_UTC.jpg"
"","","","","@archi_jobs","Architecture","Instagram OCR","2025-12-31","New","s3://structcrew-images/archi_jobs/2025-12-03_14-29-13_UTC.jpg"
"","","","","@archi_jobs","Architecture","Instagram OCR","2025-12-31","New","s3://structcrew-images/archi_jobs/2025-12-04_06-17-37_UTC.jpg"
"","","","","@archi_jobs","Architecture","Instagram OCR","2025-12-31","New","s3://structcrew-images/archi_jobs/2025-12-04_06-22-30_UTC.jpg"
"","","","","@archi_jobs","Architecture","Instagram OCR","2025-12-31","New","s3://structcrew-images/archi_jobs/2025-12-04_06-29-47_UTC.jpg"
"","","","","@archi_jobs","Architecture","Instagram OCR","2025-12-31","New","s3://structcrew-images/archi_jobs/2025-12-04_06-33-21_UTC_1.jpg"
"","","","","@archi_jobs","Architecture","Instagram OCR","2025-12-31","New","s3://structcrew-images/archi_jobs/2025-12-04_06-33-21_UTC_2.jpg"
"","","","","@archi_jobs","Architecture","Instagram OCR","2025-12-31","New","s3://structcrew-images/archi_jobs/2025-12-04_06-33-21_UTC_3.jpg"
"","","","","@archi_jobs","Architecture","Instagram OCR","2025-12-31","New","s3://structcrew-images/archi_jobs/2025-12-04_11-37-47_UTC.jpg"
"","","","","@archi_jobs","Architecture","Instagram OCR","2025-12-31","New","s3://structcrew-images/archi_jobs/2025-12-04_11-42-08_UTC.jpg"
"","","","","@archi_jobs","Architecture","Instagram OCR","2025-12-31","New","s3://structcrew-images/archi_jobs/2025-12-04_14-20-25_UTC.jpg"
"","","","","@archi_jobs","Architecture","Instagram OCR","2025-12-31","New","s3://structcrew-images/archi_jobs/2025-12-04_14-21-52_UTC.jpg"
"","","","","@archi_jobs","Architecture","Instagram OCR","2025-12-31","New","s3://structcrew-images/archi_jobs/2025-12-04_14-23-15_UTC.jpg"
"","","","","@archi_jobs","Architecture","Instagram OCR","2025-12-31","New","s3://structcrew-images/archi_jobs/2025-12-04_14-24-37_UTC.jpg"
"","","","","@archi_jobs","Architecture","Instagram OCR","2025-12-31","New","s3://structcrew-images/archi_jobs/2025-12-04_14-31-03_UTC.jpg"
"","","","","@archi_jobs","Architecture","Instagram OCR","2025-12-31","New","s3://structcrew-images/archi_jobs/2025-12-04_14-32-44_UTC.jpg"
"","","","","@archi_jobs","Architecture","Instagram OCR","2025-12-31","New","s3://structcrew-images/archi_jobs/2025-12-05_04-32-26_UTC.jpg"
"","","","","@archi_jobs","Architecture","Instagram OCR","2025-12-31","New","s3://structcrew-images/archi_jobs/2025-12-05_13-39-11_UTC.jpg"
"","","","","@archi_jobs","Architecture","Instagram OCR","2025-12-31","New","s3://structcrew-images/archi_jobs/2025-12-05_13-40-58_UTC.jpg"
"","","","","@archi_jobs","Architecture","Instagram OCR","2025-12-31","New","s3://structcrew-images/archi_jobs/2025-12-05_13-43-30_UTC.jpg"
"","","","","@archi_jobs","Architecture","Instagram OCR","2025-12-31","New","s3://structcrew-images/archi_jobs/2025-12-05_13-45-01_UTC.jpg"
"","","","","@archi_jobs","Architecture","Instagram OCR","2025-12-31","New","s3://structcrew-images/archi_jobs/2025-12-05_13-49-58_UTC.jpg"
"","","","","@archi_jobs","Architecture","Instagram OCR","2025-12-31","New","s3://structcrew-images/archi_jobs/2025-12-06_06-33-56_UTC.jpg"
"","","","","@archi_jobs","Architecture","Instagram OCR","2025-12-31","New","s3://structcrew-images/archi_jobs/2025-12-06_06-59-56_UTC.jpg"
"","","","","@archi_jobs","Architecture","Instagram OCR","2025-12-31","New","s3://structcrew-images/archi_jobs/2025-12-07_06-03-06_UTC.jpg"
"","","","","@archi_jobs","Architecture","Instagram OCR","2025-12-31","New","s3://structcrew-images/archi_jobs/2025-12-07_06-08-08_UTC.jpg"
"","","","","@archi_jobs","Architecture","Instagram OCR","2025-12-31","New","s3://structcrew-images/archi_jobs/2025-12-07_06-11-26_UTC.jpg"
"","","","","@archi_jobs","Architecture","Instagram OCR","2025-12-31","New","s3://structcrew-images/archi_jobs/2025-12-08_11-40-47_UTC.jpg"
"","","","","@archi_jobs","Architecture","Instagram OCR","2025-12-31","New","s3://structcrew-images/archi_jobs/2025-12-08_11-46-47_UTC.jpg"
"","","","","@archi_jobs","Architecture","Instagram OCR","2025-12-31","New","s3://structcrew-images/archi_jobs/2025-12-09_05-27-21_UTC.jpg"
"","","","","@archi_jobs","Architecture","Instagram OCR","2025-12-31","New","s3://structcrew-images/archi_jobs/2025-12-09_05-29-06_UTC.jpg"
"","","","","@archi_jobs","Architecture","Instagram OCR","2025-12-31","New","s3://structcrew-images/archi_jobs/2025-12-09_05-30-43_UTC.jpg"
"","","","","@archi_jobs","Architecture","Instagram OCR","2025-12-31","New","s3://structcrew-images/archi_jobs/2025-12-09_05-33-14_UTC.jpg"
"","","","","@archi_jobs","Architecture","Instagram OCR","2025-12-31","New","s3://structcrew-images/archi_jobs/2025-12-09_05-34-38_UTC.jpg"
"","","","","@archi_jobs","Architecture","Instagram OCR","2025-12-31","New","s3://structcrew-images/archi_jobs/2025-12-09_05-43-53_UTC.jpg"
"","","","","@archi_jobs","Architecture","Instagram OCR","2025-12-31","New","s3://structcrew-images/archi_jobs/2025-12-09_11-44-24_UTC.jpg"
"","","","","@archi_jobs","Architecture","Instagram OCR","2025-12-31","New","s3://structcrew-images/archi_jobs/2025-12-09_11-48-14_UTC.jpg"
"","","","","@archi_jobs","Architecture","Instagram OCR","2025-12-31","New","s3://structcrew-images/archi_jobs/2025-12-09_11-52-18_UTC.jpg"
"","","","","@archi_jobs","Architecture","Instagram OCR","2025-12-31","New","s3://structcrew-images/archi_jobs/2025-12-09_14-12-22_UTC.jpg"
"","","","","@archi_jobs","Architecture","Instagram OCR","2025-12-31","New","s3://structcrew-images/archi_jobs/2025-12-09_14-14-16_UTC.jpg"
"","","","","@archi_jobs","Architecture","Instagram OCR","2025-12-31","New","s3://structcrew-images/archi_jobs/2025-12-10_06-36-22_UTC.jpg"
"","","","","@archi_jobs","Architecture","Instagram OCR","2025-12-31","New","s3://structcrew-images/archi_jobs/2025-12-10_11-38-11_UTC.jpg"
"","","","","@archi_jobs","Architecture","Instagram OCR","2025-12-31","New","s3://structcrew-images/archi_jobs/2025-12-10_11-49-19_UTC.jpg"
"","","","","@archi_jobs","Architecture","Instagram OCR","2025-12-31","New","s3://structcrew-images/archi_jobs/2025-12-10_11-53-07_UTC.jpg"
"","","","","@archi_jobs","Architecture","Instagram OCR","2025-12-31","New","s3://structcrew-images/archi_jobs/2025-12-10_11-59-23_UTC.jpg"
"","","","","@archi_jobs","Architecture","Instagram OCR","2025-12-31","New","s3://structcrew-images/archi_jobs/2025-12-10_12-06-15_UTC.jpg"
"","","","","@archi_jobs","Architecture","Instagram OCR","2025-12-31","New","s3://structcrew-images/archi_jobs/2025-12-10_12-10-39_UTC.jpg"
"","","","","@archi_jobs","Architecture","Instagram OCR","2025-12-31","New","s3://structcrew-images/archi_jobs/2025-12-11_13-46-49_UTC.jpg"
"","","","","@archi_jobs","Architecture","Instagram OCR","2025-12-31","New","s3://structcrew-images/archi_jobs/2025-12-11_13-48-27_UTC.jpg"
"","","","","@archi_jobs","Architecture","Instagram OCR","2025-12-31","New","s3://structcrew-images/archi_jobs/2025-12-11_13-51-11_UTC.jpg"
"","","","","@archi_jobs","Architecture","Instagram OCR","2025-12-31","New","s3://structcrew-images/archi_jobs/2025-12-11_13-55-15_UTC.jpg"
"","","","","@archi_jobs","Architecture","Instagram OCR","2025-12-31","New","s3://structcrew-images/archi_jobs/2025-12-11_13-57-07_UTC.jpg"
"","","","","@archi_jobs","Architecture","Instagram OCR","2025-12-31","New","s3://structcrew-images/archi_jobs/2025-12-11_14-00-27_UTC.jpg"
"","","","","@archi_jobs","Architecture","Instagram OCR","2025-12-31","New","s3://structcrew-images/archi_jobs/2025-12-12_05-56-41_UTC.jpg"
"","","","","@archi_jobs","Architecture","Instagram OCR","2025-12-31","New","s3://structcrew-images/archi_jobs/2025-12-12_05-58-49_UTC.jpg"
"","","","","@archi_jobs","Architecture","Instagram OCR","2025-12-31","New","s3://structcrew-images/archi_jobs/2025-12-12_06-00-06_UTC.jpg"
"","","","","@archi_jobs","Architecture","Instagram OCR","2025-12-31","New","s3://structcrew-images/archi_jobs/2025-12-12_06-02-24_UTC.jpg"
"","","","","@archi_jobs","Architecture","Instagram OCR","2025-12-31","New","s3://structcrew-images/archi_jobs/2025-12-12_06-03-57_UTC.jpg"
"","","","","@archi_jobs","Architecture","Instagram OCR","2025-12-31","New","s3://structcrew-images/archi_jobs/2025-12-12_11-38-47_UTC.jpg"
"","","","","@archi_jobs","Architecture","Instagram OCR","2025-12-31","New","s3://structcrew-images/archi_jobs/2025-12-12_11-45-36_UTC_1.jpg"
"","","","","@archi_jobs","Architecture","Instagram OCR","2025-12-31","New","s3://structcrew-images/archi_jobs/2025-12-12_11-45-36_UTC_2.jpg"
"","","","","@archi_jobs","Architecture","Instagram OCR","2025-12-31","New","s3://structcrew-images/archi_jobs/2025-12-12_11-45-36_UTC_3.jpg"
"","","","","@archi_jobs","Architecture","Instagram OCR","2025-12-31","New","s3://structcrew-images/archi_jobs/2025-12-12_11-45-36_UTC_4.jpg"
"","","","","@archi_jobs","Architecture","Instagram OCR","2025-12-31","New","s3://structcrew-images/archi_jobs/2025-12-12_11-50-38_UTC.jpg"
"","","","","@archi_jobs","Architecture","Instagram OCR","2025-12-31","New","s3://structcrew-images/archi_jobs/2025-12-12_11-59-26_UTC.jpg"
"","","","","@archi_jobs","Architecture","Instagram OCR","2025-12-31","New","s3://structcrew-images/archi_jobs/2025-12-12_12-04-45_UTC.jpg"
"","","","","@archi_jobs","Architecture","Instagram OCR","2025-12-31","New","s3://structcrew-images/archi_jobs/2025-12-12_12-09-34_UTC.jpg"
"","","","","@archi_jobs","Architecture","Instagram OCR","2025-12-31","New","s3://structcrew-images/archi_jobs/2025-12-13_05-48-14_UTC.jpg"
"","","","","@archi_jobs","Architecture","Instagram OCR","2025-12-31","New","s3://structcrew-images/archi_jobs/2025-12-13_05-54-23_UTC.jpg"
"","","","","@archi_jobs","Architecture","Instagram OCR","2025-12-31","New","s3://structcrew-images/archi_jobs/2025-12-14_06-23-23_UTC.jpg"
"","","","","@archi_jobs","Architecture","Instagram OCR","2025-12-31","New","s3://structcrew-images/archi_jobs/2025-12-14_11-13-21_UTC.jpg"
"","","","","@archi_jobs","Architecture","Instagram OCR","2025-12-31","New","s3://structcrew-images/archi_jobs/2025-12-14_11-38-38_UTC.jpg"
"","","","","@archi_jobs","Architecture","Instagram OCR","2025-12-31","New","s3://structcrew-images/archi_jobs/2025-12-14_11-40-20_UTC.jpg"
"","","","","@archi_jobs","Architecture","Instagram OCR","2025-12-31","New","s3://structcrew-images/archi_jobs/2025-12-14_11-42-15_UTC.jpg"
"","","","","@archi_jobs","Architecture","Instagram OCR","2025-12-31","New","s3://structcrew-images/archi_jobs/2025-12-15_05-23-41_UTC.jpg"
"","","","","@archi_jobs","Architecture","Instagram OCR","2025-12-31","New","s3://structcrew-images/archi_jobs/2025-12-15_05-28-36_UTC.jpg"
"","","","","@archi_jobs","Architecture","Instagram OCR","2025-12-31","New","s3://structcrew-images/archi_jobs/2025-12-15_05-30-34_UTC.jpg"
"","","","","@archi_jobs","Architecture","Instagram OCR","2025-12-31","New","s3://structcrew-images/archi_jobs/2025-12-15_05-32-30_UTC_1.jpg"
"","","","","@archi_jobs","Architecture","Instagram OCR","2025-12-31","New","s3://structcrew-images/archi_jobs/2025-12-15_05-32-30_UTC_2.jpg"
"","","","","@archi_jobs","Architecture","Instagram OCR","2025-12-31","New","s3://structcrew-images/archi_jobs/2025-12-15_05-32-30_UTC_3.jpg"
"","","","","@archi_jobs","Architecture","Instagram OCR","2025-12-31","New","s3://structcrew-images/archi_jobs/2025-12-15_05-32-30_UTC_4.jpg"
"","","","","@archi_jobs","Architecture","Instagram OCR","2025-12-31","New","s3://structcrew-images/archi_jobs/2025-12-15_05-34-15_UTC.jpg"
"","","","","@archi_jobs","Architecture","Instagram OCR","2025-12-31","New","s3://structcrew-images/archi_jobs/2025-12-16_04-54-29_UTC.jpg"
"","","","","@archi_jobs","Architecture","Instagram OCR","2025-12-31","New","s3://structcrew-images/archi_jobs/2025-12-16_04-57-29_UTC.jpg"
"","","","","@archi_jobs","Architecture","Instagram OCR","2025-12-31","New","s3://structcrew-images/archi_jobs/2025-12-16_05-15-15_UTC.jpg"
"","","","","@archi_jobs","Architecture","Instagram OCR","2025-12-31","New","s3://structcrew-images/archi_jobs/2025-12-16_11-31-28_UTC.jpg"
"","","","","@archi_jobs","Architecture","Instagram OCR","2025-12-31","New","s3://structcrew-images/archi_jobs/2025-12-16_11-38-14_UTC.jpg"
"","","","","@archi_jobs","Architecture","Instagram OCR","2025-12-31","New","s3://structcrew-images/archi_jobs/2025-12-16_11-42-14_UTC.jpg"
"","","","","@archi_jobs","Architecture","Instagram OCR","2025-12-31","New","s3://structcrew-images/archi_jobs/2025-12-17_05-37-36_UTC.jpg"
"","","","","@archi_jobs","Architecture","Instagram OCR","2025-12-31","New","s3://structcrew-images/archi_jobs/2025-12-17_05-40-08_UTC.jpg"
"","","","","@archi_jobs","Architecture","Instagram OCR","2025-12-31","New","s3://structcrew-images/archi_jobs/2025-12-17_05-45-45_UTC.jpg"
"","","","","@archi_jobs","Architecture","Instagram OCR","2025-12-31","New","s3://structcrew-images/archi_jobs/2025-12-17_05-47-38_UTC.jpg"
"","","","","@archi_jobs","Architecture","Instagram OCR","2025-12-31","New","s3://structcrew-images/archi_jobs/2025-12-17_05-49-49_UTC.jpg"
"","","","","@archi_jobs","Architecture","Instagram OCR","2025-12-31","New","s3://structcrew-images/archi_jobs/2025-12-17_05-51-37_UTC.jpg"
"","","","","@archi_jobs","Architecture","Instagram OCR","2025-12-31","New","s3://structcrew-images/archi_jobs/2025-12-17_05-54-17_UTC.jpg"
"","","","","@archi_jobs","Architecture","Instagram OCR","2025-12-31","New","s3://structcrew-images/archi_jobs/2025-12-17_05-57-12_UTC.jpg"
"","","","","@archi_jobs","Architecture","Instagram OCR","2025-12-31","New","s3://structcrew-images/archi_jobs/2025-12-17_12-14-08_UTC.jpg"
"","","","","@archi_jobs","Architecture","Instagram OCR","2025-12-31","New","s3://structcrew-images/archi_jobs/2025-12-17_12-18-52_UTC.jpg"
"","","","","@archi_jobs","Architecture","Instagram OCR","2025-12-31","New","s3://structcrew-images/archi_jobs/2025-12-17_12-23-13_UTC.jpg"
"","","","","@archi_jobs","Architecture","Instagram OCR","2025-12-31","New","s3://structcrew-images/archi_jobs/2025-12-17_12-27-14_UTC.jpg"
"","","","","@archi_jobs","Architecture","Instagram OCR","2025-12-31","New","s3://structcrew-images/archi_jobs/2025-12-17_12-49-39_UTC.jpg"
"","","","","@archi_jobs","Architecture","Instagram OCR","2025-12-31","New","s3://structcrew-images/archi_jobs/2025-12-17_13-29-39_UTC.jpg"
"","","","","@archi_jobs","Architecture","Instagram OCR","2025-12-31","New","s3://structcrew-images/archi_jobs/2025-12-18_05-07-16_UTC.jpg"
"","","","","@archi_jobs","Architecture","Instagram OCR","2025-12-31","New","s3://structcrew-images/archi_jobs/2025-12-18_05-14-58_UTC.jpg"
"","","","","@archi_jobs","Architecture","Instagram OCR","2025-12-31","New","s3://structcrew-images/archi_jobs/2025-12-18_05-30-25_UTC.jpg"
"","","","","@archi_jobs","Architecture","Instagram OCR","2025-12-31","New","s3://structcrew-images/archi_jobs/2025-12-18_05-32-53_UTC.jpg"
"","","","","@archi_jobs","Architecture","Instagram OCR","2025-12-31","New","s3://structcrew-images/archi_jobs/2025-12-18_11-38-26_UTC.jpg"
"","","","","@archi_jobs","Architecture","Instagram OCR","2025-12-31","New","s3://structcrew-images/archi_jobs/2025-12-18_11-45-27_UTC.jpg"
"","","","","@archi_jobs","Architecture","Instagram OCR","2025-12-31","New","s3://structcrew-images/archi_jobs/2025-12-18_11-50-14_UTC.jpg"
"","","","","@archi_jobs","Architecture","Instagram OCR","2025-12-31","New","s3://structcrew-images/archi_jobs/2025-12-18_13-26-30_UTC.jpg"
"","","","","@archi_jobs","Architecture","Instagram OCR","2025-12-31","New","s3://structcrew-images/archi_jobs/2025-12-18_13-29-25_UTC.jpg"
"","","","","@archi_jobs","Architecture","Instagram OCR","2025-12-31","New","s3://structcrew-images/archi_jobs/2025-12-18_13-31-07_UTC.jpg"
"","","","","@archi_jobs","Architecture","Instagram OCR","2025-12-31","New","s3://structcrew-images/archi_jobs/2025-12-18_13-32-37_UTC.jpg"
"","","","","@archi_jobs","Architecture","Instagram OCR","2025-12-31","New","s3://structcrew-images/archi_jobs/2025-12-18_13-35-08_UTC.jpg"
"","","","","@archi_jobs","Architecture","Instagram OCR","2025-12-31","New","s3://structcrew-images/archi_jobs/2025-12-18_13-36-58_UTC.jpg"
"","","","","@archi_jobs","Architecture","Instagram OCR","2025-12-31","New","s3://structcrew-images/archi_jobs/2025-12-18_13-38-31_UTC.jpg"
"","","","","@archi_jobs","Architecture","Instagram OCR","2025-12-31","New","s3://structcrew-images/archi_jobs/2025-12-18_13-39-53_UTC.jpg"
"","","","","@archi_jobs","Architecture","Instagram OCR","2025-12-31","New","s3://structcrew-images/archi_jobs/2025-12-19_05-58-40_UTC.jpg"
"","","","","@archi_jobs","Architecture","Instagram OCR","2025-12-31","New","s3://structcrew-images/archi_jobs/2025-12-19_06-01-23_UTC.jpg"
"","","","","@archi_jobs","Architecture","Instagram OCR","2025-12-31","New","s3://structcrew-images/archi_jobs/2025-12-19_06-03-20_UTC.jpg"
"","","","","@archi_jobs","Architecture","Instagram OCR","2025-12-31","New","s3://structcrew-images/archi_jobs/2025-12-19_06-07-08_UTC.jpg"
"","","","","@archi_jobs","Architecture","Instagram OCR","2025-12-31","New","s3://structcrew-images/archi_jobs/2025-12-19_06-09-16_UTC.jpg"
"","","","","@archi_jobs","Architecture","Instagram OCR","2025-12-31","New","s3://structcrew-images/archi_jobs/2025-12-19_06-12-39_UTC.jpg"
"","","","","@archi_jobs","Architecture","Instagram OCR","2025-12-31","New","s3://structcrew-images/archi_jobs/2025-12-19_12-00-08_UTC.jpg"
"","","","","@archi_jobs","Architecture","Instagram OCR","2025-12-31","New","s3://structcrew-images/archi_jobs/2025-12-19_13-25-37_UTC.jpg"
"","","","","@archi_jobs","Architecture","Instagram OCR","2025-12-31","New","s3://structcrew-images/archi_jobs/2025-12-19_13-28-58_UTC.jpg"
"","","","","@archi_jobs","Architecture","Instagram OCR","2025-12-31","New","s3://structcrew-images/archi_jobs/2025-12-19_13-31-22_UTC.jpg"
"","","","","@archi_jobs","Architecture","Instagram OCR","2025-12-31","New","s3://structcrew-images/archi_jobs/2025-12-19_13-32-47_UTC.jpg"
"","","","","@archi_jobs","Architecture","Instagram OCR","2025-12-31","New","s3://structcrew-images/archi_jobs/2025-12-20_06-13-01_UTC.jpg"
"","","","","@archi_jobs","Architecture","Instagram OCR","2025-12-31","New","s3://structcrew-images/archi_jobs/2025-12-20_06-37-16_UTC.jpg"
"","","","","@archi_jobs","Architecture","Instagram OCR","2025-12-31","New","s3://structcrew-images/archi_jobs/2025-12-20_06-39-57_UTC.jpg"
"","","","","@archi_jobs","Architecture","Instagram OCR","2025-12-31","New","s3://structcrew-images/archi_jobs/2025-12-20_06-41-41_UTC.jpg"
"","","","","@archi_jobs","Architecture","Instagram OCR","2025-12-31","New","s3://structcrew-images/archi_jobs/2025-12-20_06-44-48_UTC.jpg"
"","","","","@archi_jobs","Architecture","Instagram OCR","2025-12-31","New","s3://structcrew-images/archi_jobs/2025-12-20_06-52-13_UTC.jpg"
"","","","","@archi_jobs","Architecture","Instagram OCR","2025-12-31","New","s3://structcrew-images/archi_jobs/2025-12-20_13-37-19_UTC.jpg"
"","","","","@archi_jobs","Architecture","Instagram OCR","2025-12-31","New","s3://structcrew-images/archi_jobs/2025-12-20_13-41-15_UTC.jpg"
"","","","","@archi_jobs","Architecture","Instagram OCR","2025-12-31","New","s3://structcrew-images/archi_jobs/2025-12-20_13-42-55_UTC.jpg"
"","","","","@archi_jobs","Architecture","Instagram OCR","2025-12-31","New","s3://structcrew-images/archi_jobs/2025-12-20_13-45-36_UTC.jpg"
"","","","","@archi_jobs","Architecture","Instagram OCR","2025-12-31","New","s3://structcrew-images/archi_jobs/2025-12-20_13-47-07_UTC.jpg"
"","","","","@archi_jobs","Architecture","Instagram OCR","2025-12-31","New","s3://structcrew-images/archi_jobs/2025-12-20_13-50-06_UTC.jpg"
"","","","","@archi_jobs","Architecture","Instagram OCR","2025-12-31","New","s3://structcrew-images/archi_jobs/2025-12-21_06-17-27_UTC.jpg"
"","","","","@archi_jobs","Architecture","Instagram OCR","2025-12-31","New","s3://structcrew-images/archi_jobs/2025-12-21_06-25-07_UTC.jpg"
"","","","","@archi_jobs","Architecture","Instagram OCR","2025-12-31","New","s3://structcrew-images/archi_jobs/2025-12-21_06-28-59_UTC.jpg"
"","","","","@archi_jobs","Architecture","Instagram OCR","2025-12-31","New","s3://structcrew-images/archi_jobs/2025-12-21_06-30-55_UTC.jpg"
"","","","","@archi_jobs","Architecture","Instagram OCR","2025-12-31","New","s3://structcrew-images/archi_jobs/2025-12-21_06-33-18_UTC.jpg"
"","","","","@archi_jobs","Architecture","Instagram OCR","2025-12-31","New","s3://structcrew-images/archi_jobs/2025-12-21_06-35-08_UTC.jpg"
"","","","","@archi_jobs","Architecture","Instagram OCR","2025-12-31","New","s3://structcrew-images/archi_jobs/2025-12-21_07-12-47_UTC.jpg"
"","","","","@archi_jobs","Architecture","Instagram OCR","2025-12-31","New","s3://structcrew-images/archi_jobs/2025-12-21_07-15-36_UTC.jpg"
"","","","","@archi_jobs","Architecture","Instagram OCR","2025-12-31","New","s3://structcrew-images/archi_jobs/2025-12-21_07-17-35_UTC.jpg"
"","","","","@archi_jobs","Architecture","Instagram OCR","2025-12-31","New","s3://structcrew-images/archi_jobs/2025-12-21_13-34-40_UTC.jpg"
"","","","","@archi_jobs","Architecture","Instagram OCR","2025-12-31","New","s3://structcrew-images/archi_jobs/2025-12-21_13-36-26_UTC.jpg"
"","","","","@archi_jobs","Architecture","Instagram OCR","2025-12-31","New","s3://structcrew-images/archi_jobs/2025-12-22_04-52-36_UTC.jpg"
"","","","","@archi_jobs","Architecture","Instagram OCR","2025-12-31","New","s3://structcrew-images/archi_jobs/2025-12-22_04-57-32_UTC.jpg"
"","","","","@archi_jobs","Architecture","Instagram OCR","2025-12-31","New","s3://structcrew-images/archi_jobs/2025-12-22_05-06-08_UTC.jpg"
"","","","","@archi_jobs","Architecture","Instagram OCR","2025-12-31","New","s3://structcrew-images/archi_jobs/2025-12-22_05-09-46_UTC.jpg"
"","","","","@archi_jobs","Architecture","Instagram OCR","2025-12-31","New","s3://structcrew-images/archi_jobs/2025-12-22_05-11-49_UTC.jpg"
"","","","","@archi_jobs","Architecture","Instagram OCR","2025-12-31","New","s3://structcrew-images/archi_jobs/2025-12-22_11-38-59_UTC.jpg"
"","","","","@archi_jobs","Architecture","Instagram OCR","2025-12-31","New","s3://structcrew-images/archi_jobs/2025-12-22_12-31-13_UTC.jpg"
"","","","","@archi_jobs","Architecture","Instagram OCR","2025-12-31","New","s3://structcrew-images/archi_jobs/2025-12-22_13-39-20_UTC.jpg"
"","","","","@archi_jobs","Architecture","Instagram OCR","2025-12-31","New","s3://structcrew-images/archi_jobs/2025-12-22_13-43-46_UTC.jpg"
"","","","","@archi_jobs","Architecture","Instagram OCR","2025-12-31","New","s3://structcrew-images/archi_jobs/2025-12-22_13-46-00_UTC.jpg"
"","","","","@archi_jobs","Architecture","Instagram OCR","2025-12-31","New","s3://structcrew-images/archi_jobs/2025-12-22_13-47-23_UTC.jpg"
"","","","","@archi_jobs","Architecture","Instagram OCR","2025-12-31","New","s3://structcrew-images/archi_jobs/2025-12-23_04-20-37_UTC.jpg"
"","","","","@archi_jobs","Architecture","Instagram OCR","2025-12-31","New","s3://structcrew-images/archi_jobs/2025-12-23_04-25-04_UTC.jpg"
"","","","","@archi_jobs","Architecture","Instagram OCR","2025-12-31","New","s3://structcrew-images/archi_jobs/2025-12-23_07-04-17_UTC.jpg"
"","","","","@archi_jobs","Architecture","Instagram OCR","2025-12-31","New","s3://structcrew-images/archi_jobs/2025-12-23_13-05-23_UTC.jpg"
"","","","","@archi_jobs","Architecture","Instagram OCR","2025-12-31","New","s3://structcrew-images/archi_jobs/2025-12-23_13-11-30_UTC.jpg"
"","","","","@archi_jobs","Architecture","Instagram OCR","2025-12-31","New","s3://structcrew-images/archi_jobs/2025-12-23_13-46-07_UTC.jpg"
"","","","","@archi_jobs","Architecture","Instagram OCR","2025-12-31","New","s3://structcrew-images/archi_jobs/2025-12-23_13-47-51_UTC.jpg"
"","","","","@archi_jobs","Architecture","Instagram OCR","2025-12-31","New","s3://structcrew-images/archi_jobs/2025-12-23_13-49-31_UTC.jpg"
"","","","","@archi_jobs","Architecture","Instagram OCR","2025-12-31","New","s3://structcrew-images/archi_jobs/2025-12-23_13-58-18_UTC.jpg"
"","","","","@archi_jobs","Architecture","Instagram OCR","2025-12-31","New","s3://structcrew-images/archi_jobs/2025-12-24_04-36-07_UTC.jpg"
"","","","","@archi_jobs","Architecture","Instagram OCR","2025-12-31","New","s3://structcrew-images/archi_jobs/2025-12-24_04-38-24_UTC.jpg"
"","","","","@archi_jobs","Architecture","Instagram OCR","2025-12-31","New","s3://structcrew-images/archi_jobs/2025-12-24_04-40-40_UTC.jpg"
"","","","","@archi_jobs","Architecture","Instagram OCR","2025-12-31","New","s3://structcrew-images/archi_jobs/2025-12-24_11-55-59_UTC.jpg"
"","","","","@archi_jobs","Architecture","Instagram OCR","2025-12-31","New","s3://structcrew-images/archi_jobs/2025-12-24_12-02-27_UTC.jpg"
"","","","","@archi_jobs","Architecture","Instagram OCR","2025-12-31","New","s3://structcrew-images/archi_jobs/2025-12-24_12-05-54_UTC.jpg"
"","","","","@archi_jobs","Architecture","Instagram OCR","2025-12-31","New","s3://structcrew-images/archi_jobs/2025-12-25_06-13-39_UTC.jpg"
"","","","","@archi_jobs","Architecture","Instagram OCR","2025-12-31","New","s3://structcrew-images/archi_jobs/2025-12-25_06-15-31_UTC.jpg"
"","","","","@archi_jobs","Architecture","Instagram OCR","2025-12-31","New","s3://structcrew-images/archi_jobs/2025-12-25_06-21-12_UTC.jpg"
"","","","","@archi_jobs","Architecture","Instagram OCR","2025-12-31","New","s3://structcrew-images/archi_jobs/2025-12-25_06-23-20_UTC.jpg"
"","","","","@archi_jobs","Architecture","Instagram OCR","2025-12-31","New","s3://structcrew-images/archi_jobs/2025-12-25_12-55-00_UTC.jpg"
"","","","","@archi_jobs","Architecture","Instagram OCR","2025-12-31","New","s3://structcrew-images/archi_jobs/2025-12-25_12-59-14_UTC.jpg"
"","","","","@archi_jobs","Architecture","Instagram OCR","2025-12-31","New","s3://structcrew-images/archi_jobs/2025-12-25_13-00-28_UTC.jpg"
"","","","","@archi_jobs","Architecture","Instagram OCR","2025-12-31","New","s3://structcrew-images/archi_jobs/2025-12-25_13-01-49_UTC.jpg"
"","","","","@archi_jobs","Architecture","Instagram OCR","2025-12-31","New","s3://structcrew-images/archi_jobs/2025-12-25_13-02-54_UTC.jpg"
"","","","","@archi_jobs","Architecture","Instagram OCR","2025-12-31","New","s3://structcrew-images/archi_jobs/2025-12-26_06-43-50_UTC.jpg"
"","","","","@archi_jobs","Architecture","Instagram OCR","2025-12-31","New","s3://structcrew-images/archi_jobs/2025-12-27_04-40-45_UTC.jpg"
"","","","","@archi_jobs","Architecture","Instagram OCR","2025-12-31","New","s3://structcrew-images/archi_jobs/2025-12-27_04-45-01_UTC.jpg"
"","","","","@archi_jobs","Architecture","Instagram OCR","2025-12-31","New","s3://structcrew-images/archi_jobs/2025-12-27_15-26-25_UTC.jpg"
"","","","","@archi_jobs","Architecture","Instagram OCR","2025-12-31","New","s3://structcrew-images/archi_jobs/2025-12-28_04-34-54_UTC.jpg"
"","","","","@archi_jobs","Architecture","Instagram OCR","2025-12-31","New","s3://structcrew-images/archi_jobs/2025-12-28_04-39-02_UTC.jpg"
"","","","","@archi_jobs","Architecture","Instagram OCR","2025-12-31","New","s3://structcrew-images/archi_jobs/2025-12-28_04-40-54_UTC.jpg"
"","","","","@archi_jobs","Architecture","Instagram OCR","2025-12-31","New","s3://structcrew-images/archi_jobs/2025-12-28_04-44-25_UTC.jpg"
"","","","","@archi_jobs","Architecture","Instagram OCR","2025-12-31","New","s3://structcrew-images/archi_jobs/2025-12-28_06-30-07_UTC.jpg"
"","","","","@archi_jobs","Architecture","Instagram OCR","2025-12-31","New","s3://structcrew-images/archi_jobs/2025-12-28_06-31-50_UTC.jpg"
"","","","","@archi_jobs","Architecture","Instagram OCR","2025-12-31","New","s3://structcrew-images/archi_jobs/2025-12-28_06-35-39_UTC.jpg"
"","","","","@archi_jobs","Architecture","Instagram OCR","2025-12-31","New","s3://structcrew-images/archi_jobs/2025-12-28_06-37-30_UTC.jpg"
"","","","","@archi_jobs","Architecture","Instagram OCR","2025-12-31","New","s3://structcrew-images/archi_jobs/2025-12-28_06-41-13_UTC.jpg"
"","","","","@archi_jobs","Architecture","Instagram OCR","2025-12-31","New","s3://structcrew-images/archi_jobs/2025-12-29_12-20-27_UTC.jpg"
"","","","","@archi_jobs","Architecture","Instagram OCR","2025-12-31","New","s3://structcrew-images/archi_jobs/2025-12-29_13-34-11_UTC.jpg"
"","","","","@archi_jobs","Architecture","Instagram OCR","2025-12-31","New","s3://structcrew-images/archi_jobs/2025-12-29_13-38-58_UTC_1.jpg"
"","","","","@archi_jobs","Architecture","Instagram OCR","2025-12-31","New","s3://structcrew-images/archi_jobs/2025-12-29_13-38-58_UTC_2.jpg"
"","","","","@archi_jobs","Architecture","Instagram OCR","2025-12-31","New","s3://structcrew-images/archi_jobs/2025-12-30_06-39-55_UTC.jpg"
"","","","","@archi_jobs","Architecture","Instagram OCR","2025-12-31","New","s3://structcrew-images/archi_jobs/2025-12-30_06-43-20_UTC.jpg"
"","","","","@archi_jobs","Architecture","Instagram OCR","2025-12-31","New","s3://structcrew-images/archi_jobs/2025-12-30_06-46-10_UTC.jpg"
"","","","","@archi_jobs","Architecture","Instagram OCR","2025-12-31","New","s3://structcrew-images/archi_jobs/2025-12-30_11-39-24_UTC.jpg"
"","","","","@archi_jobs","Architecture","Instagram OCR","2025-12-31","New","s3://structcrew-images/archi_jobs/2025-12-30_13-35-34_UTC.jpg"
"","","","","@archi_jobs","Architecture","Instagram OCR","2025-12-31","New","s3://structcrew-images/archi_jobs/2025-12-30_13-37-17_UTC.jpg"
"","","","","@archi_jobs","Architecture","Instagram OCR","2025-12-31","New","s3://structcrew-images/archi_jobs/2025-12-31_07-06-20_UTC.jpg"
"","","","","@archi_jobs","Architecture","Instagram OCR","2025-12-31","New","s3://structcrew-images/archi_jobs/2025-12-31_07-22-11_UTC.jpg"
"","","","","@archi_jobs","Architecture","Instagram OCR","2025-12-31","New","s3://structcrew-images/archi_jobs/2025-12-31_12-27-31_UTC.jpg"
"","","","","@archi_jobs","Architecture","Instagram OCR","2025-12-31","New","s3://structcrew-images/archi_jobs/2025-12-31_12-33-17_UTC.jpg"